,FinalElecCode2012,Demand_Name2025,Elevation,HouseHolds,LCOE_SHS2025,LCOE_MG_Hybrid_LowLands2025,LCOE_MG_Hybrid_HighLands2025,LCOE_Grid2025,MinimumOverall2025,MinimumOverallLCOE2025,NewConnections2025,PVcapacity2025,GenSetcapacity2025,Batterycapacity2025,NewCapacity2025,NPC2025,InvestmentCapita2025,InvestmentCost2025,MinGridDist2025
196,SA_Diesel2012,Lowlands,351,66.47543748483159,99.0,0.6707751999999999,99.0,99.0,MG_Hybrid_LowLands2025,0.6707751999999999,227.28578,4.0950165,6.419978599999999,9.809825,20.324820000000003,185387.12,775.69434,176304.28,0.0
244,SA_Diesel2012,Lowlands,160,78.39887093035661,99.0,0.74916214,99.0,99.0,MG_Hybrid_LowLands2025,0.74916214,268.0531,4.140181,7.296488,8.970084,20.406751999999997,236505.03,828.4936,222080.28,0.0
257,SA_PV2012,Lowlands,193,51.79557249729663,99.0,0.68706286,99.0,99.0,MG_Hybrid_LowLands2025,0.68706286,177.09393,2.0259826000000003,5.3406405,8.404569,15.771192999999998,152918.94,819.6122,145148.34,0.0
400,SA_PV2012,Lowlands,158,80.86358026808682,99.0,0.77009493,99.0,99.0,MG_Hybrid_LowLands2025,0.77009493,276.4802,4.4401283,7.477672999999999,7.608374,19.526175,248815.61,844.5022,233488.12,0.0
434,SA_PV2012,Highlands,4133,54.03068124459283,99.0,99.0,0.61559296,99.0,MG_Hybrid_HighLands2025,0.61559296,184.73598,5.3219547,6.684757,8.807514,20.814226,168132.23,656.3649,121254.23,0.0
577,SA_Diesel2012,Lowlands,146,52.60126562195483,99.0,0.6965526,99.0,99.0,MG_Hybrid_LowLands2025,0.6965526,179.84868,1.7377293999999999,5.3998165,7.0200477,14.157594,155163.16,817.73724,147068.95,0.0
625,SA_PV2012,Highlands,4082,92.49115616860192,99.0,99.0,0.5672946,99.0,MG_Hybrid_HighLands2025,0.5672946,316.23596000000003,10.242192999999999,10.407746000000001,14.297765,34.947703999999995,256871.67,550.6038,174120.73,0.0
691,SA_PV2012,Lowlands,219,50.99250562444543,99.0,0.74261326,99.0,99.0,MG_Hybrid_LowLands2025,0.74261326,174.34818,2.7849147000000003,5.2816849999999995,9.580921,17.64752,165432.6,899.3229,156795.3,0.0
803,SA_PV2012,Highlands,3689,83.00004349603469,99.0,99.0,0.5437095000000001,99.0,MG_Hybrid_HighLands2025,0.5437095000000001,283.78494,7.791208999999999,9.492272,11.78346,29.066941999999997,217899.19,510.04787999999996,144743.92,0.0
869,SA_PV2012,Highlands,1654,60.570299348560454,99.0,99.0,0.62306243,99.0,MG_Hybrid_HighLands2025,0.62306243,207.09555,5.013799,7.3215985,8.397389,20.732785999999997,183533.84,621.78406,128768.71,0.0
996,SA_PV2012,Highlands,3792,51.8045791435894,99.0,99.0,0.62736654,99.0,MG_Hybrid_HighLands2025,0.62736654,177.12473,5.3552985,6.468978,8.539807000000001,20.364084,165896.05,677.721,120041.16,0.0
1084,SA_Diesel2012,Lowlands,127,63.19024134673556,99.0,0.6712134,99.0,99.0,MG_Hybrid_LowLands2025,0.6712134,216.05337999999998,2.5643713,6.178298000000001,6.8891063,15.631775,173589.4,761.7547,164579.67,0.0
1086,SA_PV2012,Lowlands,168,60.160478961013965,99.0,0.67531633,99.0,99.0,MG_Hybrid_LowLands2025,0.67531633,205.69433999999998,2.7485107999999996,5.9556212,8.304335,17.008467,169497.2,782.03375,160859.9,0.0
1235,SA_Diesel2012,Lowlands,379,80.69262899365296,99.0,0.6188954000000001,99.0,99.0,MG_Hybrid_LowLands2025,0.6188954000000001,275.8957,5.658663,7.465282000000001,12.644375,25.768320000000003,205272.05,708.52954,195480.25,0.0
1242,SA_PV2012,Lowlands,249,55.547537149130584,99.0,0.7830712,99.0,99.0,MG_Hybrid_LowLands2025,0.7830712,189.92226000000002,3.0221725,5.616562999999999,10.1870985,18.825834,186674.03,925.7327,175817.25,0.0
1417,Non,Lowlands,229,72.15170939741701,99.0,0.62091714,99.0,99.0,MG_Hybrid_LowLands2025,0.62091714,246.69348,4.2443957,6.837288,11.021464,22.103148,185011.33,713.7406,176075.16,0.0
1440,SA_Diesel2012,Lowlands,160,50.150105730056325,99.0,0.90811324,99.0,99.0,MG_Hybrid_LowLands2025,0.90811324,171.46793,1.4600731000000002,5.2195864,6.1828294,12.862489,193636.08,1054.2705,180773.6,0.0
1551,SA_Diesel2012,Lowlands,181,53.018482836972254,99.0,0.6875858,99.0,99.0,MG_Hybrid_LowLands2025,0.6875858,181.27518,1.7934148,5.430487,6.731814999999999,13.955717000000002,153951.69,805.9525,146099.19,0.0
1585,SA_Diesel2012,Lowlands,254,72.3540080660912,99.0,0.64522547,99.0,99.0,MG_Hybrid_LowLands2025,0.64522547,247.38516,4.194060299999999,6.852130000000001,9.461227000000001,20.507417999999998,190917.64,733.86194,181546.56,0.0
1722,SA_Diesel2012,Lowlands,129,58.26044925072252,99.0,0.9248392,99.0,99.0,MG_Hybrid_LowLands2025,0.9248392,199.19795,2.1411846000000003,5.8158712,7.2860994,15.243155499999999,224033.42,1046.6863,208497.78,0.0
1738,SA_PV2012,Highlands,4013,70.71605431791852,99.0,99.0,0.569312,99.0,MG_Hybrid_HighLands2025,0.569312,241.78484,8.316998,8.299004,11.687594,28.303596000000002,200979.58,568.3429,137416.69,0.0
1760,SA_Diesel2012,Lowlands,386,57.18926989247165,99.0,0.85400045,99.0,99.0,MG_Hybrid_LowLands2025,0.85400045,195.53548999999998,3.2134535,5.737275599999999,10.878164,19.828894000000002,208892.12,999.8996599999999,195515.88,0.0
1924,SA_Diesel2012,Lowlands,195,63.79072755633211,99.0,0.65602833,99.0,99.0,MG_Hybrid_LowLands2025,0.65602833,218.1065,3.3499214999999998,6.2225485,8.918281,18.49075,173840.0,758.1394700000001,165355.14,0.0
2119,SA_PV2012,Lowlands,230,59.112706375487136,99.0,0.701739,99.0,99.0,MG_Hybrid_LowLands2025,0.701739,202.11191000000002,3.6876495000000005,5.878672,7.916564,17.482885,174780.28,823.94,166528.08,0.0
2366,SA_PV2012,Highlands,3086,64.00638051534222,99.0,99.0,0.5856816,99.0,MG_Hybrid_HighLands2025,0.5856816,218.84384,5.715713,7.6526546,9.519618,22.887985,181386.31,584.59406,127934.81,0.0
2487,SA_PV2012,Highlands,2597,69.28867150275583,99.0,99.0,0.57325023,99.0,MG_Hybrid_HighLands2025,0.57325023,236.90447999999998,6.615149000000001,8.163347,10.543130999999999,25.321627,192718.52,567.2095,134374.47,0.0
2569,SA_Diesel2012,Lowlands,260,52.799684651842206,99.0,1.0483278,99.0,99.0,MG_Hybrid_LowLands2025,1.0483278,180.52708,2.6229975,5.4145293,10.133347,18.170873999999998,238100.25,1222.5542,220704.14,0.0
2705,SA_PV2012,Highlands,4148,138.03493290861778,99.0,99.0,0.47311720000000007,99.0,MG_Hybrid_HighLands2025,0.47311720000000007,471.9544,16.316854,14.816191,19.370096,50.503143,318462.28,419.6528,198057.0,0.0
2838,SA_Diesel2012,Lowlands,141,89.69229744684748,99.0,0.6164324000000001,99.0,99.0,MG_Hybrid_LowLands2025,0.6164324000000001,306.6664,5.207653,8.126755000000001,7.8051977,21.139605,218625.39,677.92804,207897.75,0.0
2856,SA_Diesel2012,Lowlands,136,114.24040009376776,99.0,0.5894793,99.0,99.0,MG_Hybrid_LowLands2025,0.5894793,390.59866,7.196091,9.931525,9.349227,26.476845,263415.7,640.7249,250266.31,0.0
2919,SA_PV2012,Highlands,1124,50.337697532275136,99.0,99.0,0.6825251,99.0,MG_Hybrid_HighLands2025,0.6825251,172.10933,6.305867,6.3324766,9.9811735,22.619516,170939.19,684.9974,117894.43,0.0
3039,SA_PV2012,Highlands,2997,77.44111522064586,99.0,99.0,0.551204,99.0,MG_Hybrid_HighLands2025,0.551204,264.77847,7.5210414000000005,8.952821,11.583008999999999,28.05687,206342.78,530.92175,140576.64,0.0
3048,SA_PV2012,Highlands,1834,95.63809175602265,99.0,99.0,0.5236985,99.0,MG_Hybrid_HighLands2025,0.5236985,326.99564,9.799097,10.714939,13.711526000000001,34.225563,241956.77,484.24268,158345.23,0.0
3070,SA_PV2012,Highlands,2340,75.26365959184176,99.0,99.0,0.5580911,99.0,MG_Hybrid_HighLands2025,0.5580911,257.33353,6.650179,8.742227999999999,11.21295,26.605356,203431.36,543.47205,139853.58,0.0
3084,SA_Diesel2012,Highlands,2501,60.34679717060821,99.0,99.0,0.58750695,99.0,MG_Hybrid_HighLands2025,0.58750695,206.33138,5.2846303,7.297447,9.304166,21.886244,173921.55,601.36505,124080.48,0.0
3211,SA_PV2012,Highlands,4153,63.595120706157076,99.0,99.0,0.59081703,99.0,MG_Hybrid_HighLands2025,0.59081703,217.4377,6.164239,7.610829400000001,10.250761,24.02583,186741.4,606.77795,131936.4,0.0
3551,SA_Diesel2012,Lowlands,214,56.06349129659958,99.0,0.70007527,99.0,99.0,MG_Hybrid_LowLands2025,0.70007527,191.68636,3.0749948,5.6544795,8.821744,17.551218,167291.31,829.6841400000001,159039.12,0.0
3586,Non,Lowlands,210,59.922606088403214,99.0,0.6833704,99.0,99.0,MG_Hybrid_LowLands2025,0.6833704,204.88103,3.440145,5.938192,8.102276,17.480614000000003,171840.17,798.83765,163666.69,0.0
3625,SA_PV2012,Lowlands,218,58.92652916259818,99.0,0.7036563,99.0,99.0,MG_Hybrid_LowLands2025,0.7036563,201.47534,3.7050142,5.864982,7.499404400000001,17.0694,174575.77,825.9188,166402.28,0.0
3780,SA_Diesel2012,Lowlands,157,75.22692801407752,99.0,0.6443778,99.0,99.0,MG_Hybrid_LowLands2025,0.6443778,257.20795,3.8795156000000004,7.0632825,8.529057,19.471854999999998,195687.98,721.94727,185690.56,0.0
3781,Non,Lowlands,243,52.58514413809196,99.0,0.6971085,99.0,99.0,MG_Hybrid_LowLands2025,0.6971085,179.79355,2.3401701,5.398698,7.316807300000001,15.055675500000001,156528.05,827.83875,148840.06,0.0
3888,SA_Diesel2012,Lowlands,186,53.066847288853324,99.0,0.7271565,99.0,99.0,MG_Hybrid_LowLands2025,0.7271565,181.44054,2.141925,5.4341054,8.464672,16.040703,164887.62,859.11285,155877.9,0.0
3942,SA_PV2012,Highlands,3353,65.06112693939403,99.0,99.0,0.6114031999999999,99.0,MG_Hybrid_HighLands2025,0.6114031999999999,222.45012000000003,6.1334624,7.755733,9.56066,23.449856,191772.9,604.1699,134397.67,0.0
3988,SA_PV2012,Highlands,2648,68.6630571612488,99.0,99.0,0.5655975999999999,99.0,MG_Hybrid_HighLands2025,0.5655975999999999,234.76546000000002,6.0858717,8.103122,10.297194000000001,24.486187,188289.55,558.2189,131050.51,0.0
4011,Non,Highlands,2861,59.922606088403214,99.0,99.0,0.58132404,99.0,MG_Hybrid_HighLands2025,0.58132404,204.88103,4.609513,7.257099,9.030337,20.89695,169974.55,591.17285,121120.1,0.0
4020,SA_PV2012,Highlands,2377,50.55219309259715,99.0,99.0,0.63005006,99.0,MG_Hybrid_HighLands2025,0.63005006,172.8427,3.3527625,6.3503203,7.4131884999999995,17.116272,156848.98,670.72675,115930.23,0.0
4097,SA_PV2012,Highlands,2803,96.77576506964016,99.0,99.0,0.5221566,99.0,MG_Hybrid_HighLands2025,0.5221566,330.88544,10.289226,10.825731,13.722775,34.83773,243877.36,474.96826,157160.08,0.0
4491,SA_PV2012,Lowlands,221,56.88457146466862,99.0,0.6777108000000001,99.0,99.0,MG_Hybrid_LowLands2025,0.6777108000000001,194.4937,2.9079273,5.7148337,9.497800999999999,18.120562,164219.0,802.3165,156045.52,0.0
4507,SA_Diesel2012,Lowlands,231,63.9960754675141,99.0,0.67816323,99.0,99.0,MG_Hybrid_LowLands2025,0.67816323,218.80861000000002,3.8094616,6.2376885,9.500073,19.547224,181211.66,787.3341,172275.48,0.0
4526,SA_Diesel2012,Lowlands,454,54.63291827088639,99.0,0.7026858,99.0,99.0,MG_Hybrid_LowLands2025,0.7026858,186.79509,2.841134,5.5493073,9.743989,18.13443,165203.17,838.9851699999999,156718.31,0.0
4657,SA_PV2012,Lowlands,493,72.79561900035222,99.0,0.63854647,99.0,99.0,MG_Hybrid_LowLands2025,0.63854647,248.89507000000003,4.028779,6.884565400000001,8.515618,19.428963,188872.55,722.0594,179717.02,0.0
4663,SA_PV2012,Lowlands,274,56.65062324598514,99.0,0.6925014,99.0,99.0,MG_Hybrid_LowLands2025,0.6925014,193.69382,2.8730952999999997,5.697609,7.6432357,16.21394,165590.05,813.1176,157495.86,0.0
4664,SA_Diesel2012,Lowlands,143,114.96317096927072,99.0,0.59967667,99.0,99.0,MG_Hybrid_LowLands2025,0.59967667,393.0699,8.463913,9.984709,7.019402499999999,25.468025,269793.7,654.54175,257280.66,0.0
4717,SA_PV2012,Highlands,2562,78.04335224547705,99.0,99.0,0.5480108,99.0,MG_Hybrid_HighLands2025,0.5480108,266.83755,6.618167,9.012648,11.072375,26.703190000000003,207098.39,519.5292,138629.9,0.0
4858,SA_PV2012,Highlands,1979,66.53470039933248,99.0,99.0,0.6238132,99.0,MG_Hybrid_HighLands2025,0.6238132,227.4884,5.5197816,7.8972993,9.933996,23.351078,201632.98,634.4757,144335.86,0.0
4869,SA_Diesel2012,Highlands,840,70.99356698309367,99.0,99.0,0.57319593,99.0,MG_Hybrid_HighLands2025,0.57319593,242.73369,5.574157,8.33032,10.067796000000001,23.972273,197491.83,555.62885,134869.83,0.0
4875,SA_PV2012,Highlands,2249,69.31075041848129,99.0,99.0,0.58951676,99.0,MG_Hybrid_HighLands2025,0.58951676,236.97997999999998,6.302245,8.165914,10.35863,24.826788,197845.67,586.0779,138888.72,0.0
4941,SA_Diesel2012,Highlands,1040,50.337697532275136,99.0,99.0,0.6175851,99.0,MG_Hybrid_HighLands2025,0.6175851,172.10933,2.7584996,6.332194,6.3869677000000005,15.477661,156710.14,624.1968400000001,107430.09,0.0
4960,SA_PV2012,Highlands,3837,89.4092751321653,99.0,99.0,0.58542144,99.0,MG_Hybrid_HighLands2025,0.58542144,305.69872999999995,8.402627,10.113024000000001,12.477451,30.993101,253222.69,558.2189,170646.8,0.0
5054,Non,Highlands,1341,55.03096478819572,99.0,99.0,0.6064651999999999,99.0,MG_Hybrid_HighLands2025,0.6064651999999999,188.15605,3.8789616000000002,6.785482000000001,7.430205,18.094648,163583.16,610.7605599999999,114918.3,0.0
5092,SA_PV2012,Highlands,3872,66.03687576470826,99.0,99.0,0.5994169,99.0,MG_Hybrid_HighLands2025,0.5994169,225.78628999999998,7.1378645999999994,7.8474207,10.627897,25.613182000000002,194678.27,607.07776,137069.83,0.0
5346,SA_Diesel2012,Lowlands,203,68.6630571612488,99.0,0.66006327,99.0,99.0,MG_Hybrid_LowLands2025,0.66006327,234.76546000000002,4.230759,6.580788,8.460039,19.271585,186312.48,756.1794,177524.8,0.0
5443,Non,Lowlands,206,53.80805444852008,99.0,0.70056474,99.0,99.0,MG_Hybrid_LowLands2025,0.70056474,183.97481000000002,2.8038752000000002,5.488644,7.857797,16.150316,161195.9,833.94745,153425.31,0.0
5444,SA_Diesel2012,Lowlands,566,144.67302611515453,99.0,0.5894117,99.0,99.0,MG_Hybrid_LowLands2025,0.5894117,494.6507,11.543565,12.169171,17.072826,40.78556,338324.9,649.0958,321075.72,0.0
5450,Non,Lowlands,222,73.37461970784511,99.0,0.6617049,99.0,99.0,MG_Hybrid_LowLands2025,0.6617049,250.87472999999997,5.114933000000001,6.927206,7.995607400000001,20.037746,197955.34,753.1473,188945.61,0.0
5854,SA_PV2012,Highlands,3771,90.5154104253166,99.0,99.0,0.53569615,99.0,MG_Hybrid_HighLands2025,0.53569615,309.4807,8.658132,10.219956,12.673453,31.551540000000003,234535.88,496.6068,153690.23,0.0
5975,SA_PV2012,Highlands,4078,50.35890104360049,99.0,99.0,0.6233525,99.0,MG_Hybrid_HighLands2025,0.6233525,172.18182,4.43661,6.3295617,8.247662,19.013834,159508.86,677.28375,116615.945,0.0
6073,SA_PV2012,Highlands,2715,52.779452562456186,99.0,99.0,0.60988724,99.0,MG_Hybrid_HighLands2025,0.60988724,180.45792,4.011116,6.565537,7.870170599999999,18.446823000000002,158124.28,640.9126,115657.75,0.0
6102,SA_PV2012,Highlands,3584,98.09077006182899,99.0,99.0,0.5934272,99.0,MG_Hybrid_HighLands2025,0.5934272,335.38156000000004,11.615435,10.948746,15.40475,37.96893,285341.47,580.4545,194673.75,0.0
6204,SA_PV2012,Lowlands,251,66.39979589260888,99.0,0.74481666,99.0,99.0,MG_Hybrid_LowLands2025,0.74481666,227.02715,3.8459237,6.414414,10.749133,21.00947,206116.23,855.1356,194139.0,0.0
6284,SA_PV2012,Lowlands,253,63.983450974294996,99.0,0.75311255,99.0,99.0,MG_Hybrid_LowLands2025,0.75311255,218.76543999999998,3.5552566,6.2367578,10.616641,20.408655,201822.05,868.3544300000001,189965.94,0.0
6401,SA_Diesel2012,Lowlands,152,53.44354929549974,99.0,0.71094024,99.0,99.0,MG_Hybrid_LowLands2025,0.71094024,182.72852,1.8341872,5.4617267,6.074862,13.370775,159694.86,827.93317,151287.0,0.0
6414,SA_Diesel2012,Lowlands,203,88.23368804078899,99.0,0.59054834,99.0,99.0,MG_Hybrid_LowLands2025,0.59054834,301.6793,5.3794556,8.019601,10.887762,24.286820000000002,209483.16,661.4772,199553.95,0.0
6441,SA_Diesel2012,Lowlands,207,78.10405455587873,99.0,0.6438809,99.0,99.0,MG_Hybrid_LowLands2025,0.6438809,267.0451,4.224730999999999,7.274811,8.325214,19.824755,202077.08,718.26825,191810.03,0.0
6444,SA_PV2012,Highlands,3314,55.266804850406416,99.0,99.0,0.6213882,99.0,MG_Hybrid_HighLands2025,0.6213882,188.9624,4.1032157,6.8078227,7.669516000000001,18.580555,167507.47,634.44214,119885.71,0.0
6657,SA_PV2012,Highlands,924,68.72375950089803,99.0,99.0,0.58964616,99.0,MG_Hybrid_HighLands2025,0.58964616,234.97298999999998,5.8832607,8.11052,9.7077,23.70148,196071.4,575.1056,135134.28,0.0
6695,SA_PV2012,Highlands,3671,94.63679180575731,99.0,99.0,0.52762806,99.0,MG_Hybrid_HighLands2025,0.52762806,323.57207999999997,9.086924,10.618592,13.323371,33.028890000000004,241591.6,488.69363,158127.62,0.0
6764,SA_PV2012,Highlands,3924,53.245175251212814,99.0,99.0,0.6179920999999999,99.0,MG_Hybrid_HighLands2025,0.6179920999999999,182.05026,2.927002,6.6124125,7.462548700000001,17.001963,162341.38,636.3718,115851.66,0.0
6785,SA_Diesel2012,Highlands,3636,53.228771774524354,99.0,99.0,0.64499813,99.0,MG_Hybrid_HighLands2025,0.64499813,181.99417,3.9352677000000003,6.610197,7.482028999999999,18.027494,167691.58,672.81854,122449.06,0.0
7031,SA_PV2012,Highlands,3810,87.45617229318134,99.0,99.0,0.5330281,99.0,MG_Hybrid_HighLands2025,0.5330281,299.02087,10.036394999999999,9.919499,13.957810999999998,33.913708,230306.25,512.37634,153211.22,0.0
7147,SA_Diesel2012,Lowlands,220,50.53098958068684,99.0,0.71189827,99.0,99.0,MG_Hybrid_LowLands2025,0.71189827,172.7702,2.6972327000000003,5.247745500000001,9.062928,17.007906,157164.33,865.17426,149476.34,0.0
7190,SA_Diesel2012,Lowlands,211,68.31467349209132,99.0,0.6825049,99.0,99.0,MG_Hybrid_LowLands2025,0.6825049,233.5743,4.164614,6.555186,9.433083,20.152884,192523.72,782.6252,182801.12,0.0
7199,SA_PV2012,Lowlands,478,93.21754023219485,99.0,0.60003066,99.0,99.0,MG_Hybrid_LowLands2025,0.60003066,318.71954,6.251655,8.38606,12.00963,26.647345,225117.95,672.2561599999999,214261.17,0.0
7219,SA_Diesel2012,Lowlands,336,70.25295324962515,99.0,0.7113669,99.0,99.0,MG_Hybrid_LowLands2025,0.7113669,240.20146,4.0967674,6.6976895,10.759185,21.553642,206510.33,811.3973,194898.81,0.0
7221,SA_Diesel2012,Lowlands,176,66.30263933813966,99.0,0.7713879,99.0,99.0,MG_Hybrid_LowLands2025,0.7713879,226.69496,3.5701659,6.4072394,10.014704,19.99211,211999.98,878.6932400000001,199195.33,0.0
7479,SA_PV2012,Highlands,2005,55.83869069371399,99.0,99.0,0.60158205,99.0,MG_Hybrid_HighLands2025,0.60158205,190.91773999999998,3.4041892999999996,6.863503,7.7777899999999995,18.045482999999997,164995.81,608.9259599999999,116254.766,0.0
7664,SA_Diesel2012,Lowlands,323,77.49281087773541,99.0,0.6321237,99.0,99.0,MG_Hybrid_LowLands2025,0.6321237,264.9552,4.247093700000001,7.229882000000001,8.476239999999999,19.953215,197230.36,707.6961,187507.77,0.0
7808,SA_Diesel2012,Highlands,3862,51.15762032944122,99.0,99.0,0.63551855,99.0,MG_Hybrid_HighLands2025,0.63551855,174.91272,5.171791000000001,6.4071945999999995,8.219758,19.798744,162843.53,683.1958599999999,119499.65,0.0
7886,SA_Diesel2012,Lowlands,152,70.19253292619956,99.0,0.71030945,99.0,99.0,MG_Hybrid_LowLands2025,0.71030945,239.99487000000002,4.106685,6.6931577,4.809788,15.609632000000001,201387.22,796.07336,191053.52,0.0
8083,SA_PV2012,Lowlands,228,57.67515951212636,99.0,0.7096248000000001,99.0,99.0,MG_Hybrid_LowLands2025,0.7096248000000001,197.1968,3.6700988,5.7729897,7.599599400000001,17.042688000000002,173179.38,837.1596,165085.19,0.0
8160,SA_Diesel2012,Lowlands,206,62.42870609769204,99.0,0.70647794,99.0,99.0,MG_Hybrid_LowLands2025,0.70647794,213.44962,2.9741824,6.122397,9.250074,18.346655,183743.28,813.3555,173610.44,0.0
8275,SA_Diesel2012,Lowlands,521,64.31256786152073,99.0,0.98979586,99.0,99.0,MG_Hybrid_LowLands2025,0.98979586,219.89072000000002,4.6371355,6.2610693,13.087532000000001,23.985737,269490.44,1137.5844,250144.23,0.0
8279,SA_Diesel2012,Lowlands,247,84.83027286021891,99.0,0.63072675,99.0,99.0,MG_Hybrid_LowLands2025,0.63072675,290.0427,5.583705999999999,7.7693825,8.629485,21.982574,214428.02,704.36237,204295.16,0.0
8302,SA_Diesel2012,Lowlands,154,84.60764606180636,99.0,0.6074634,99.0,99.0,MG_Hybrid_LowLands2025,0.6074634,289.2815,4.6890383,7.752928,7.706802000000001,20.148767000000003,204035.62,671.70917,194313.05,0.0
8479,SA_PV2012,Highlands,3059,53.018482836972254,99.0,99.0,0.6123718,99.0,MG_Hybrid_HighLands2025,0.6123718,181.27518,3.8415318,6.5891848,7.7062583,18.136974,158838.42,639.104,115853.695,0.0
8487,SA_PV2012,Highlands,2228,51.15762032944122,99.0,99.0,0.62053925,99.0,MG_Hybrid_HighLands2025,0.62053925,174.91272,3.1761374,6.409406,7.349551700000001,16.935095,155984.94,652.58545,114145.5,0.0
8515,SA_PV2012,Highlands,2354,62.58712891223972,99.0,99.0,0.57821363,99.0,MG_Hybrid_HighLands2025,0.57821363,213.99129,5.0308375,7.5151443,9.350347,21.896328,175964.95,581.56805,124450.49,0.0
8544,SA_PV2012,Highlands,1950,176.27089384952347,99.0,99.0,0.45257372,99.0,MG_Hybrid_HighLands2025,0.45257372,602.68677,21.54969,18.51963,21.255697,61.325019999999995,386016.16,377.1442,227299.83,0.0
8781,SA_PV2012,Lowlands,272,62.17296091194496,99.0,0.6659841999999999,99.0,99.0,MG_Hybrid_LowLands2025,0.6659841999999999,212.5752,2.6784632,6.1035379999999995,7.3413825,16.123383,170608.38,761.9472,161971.08,0.0
8962,Non,Lowlands,224,56.25387512787135,99.0,0.7008684000000001,99.0,99.0,MG_Hybrid_LowLands2025,0.7008684000000001,192.3373,3.3137309999999998,5.668486,8.091678,17.073895,167698.22,830.64764,159764.52,0.0
8981,SA_Diesel2012,Lowlands,387,104.74967332166712,99.0,0.78407407,99.0,99.0,MG_Hybrid_LowLands2025,0.78407407,358.149,7.4271020000000005,9.233941,13.831825,30.492867999999998,328275.66,856.3897,306715.1,0.0
9158,SA_Diesel2012,Lowlands,129,58.325167572292045,99.0,0.67413276,99.0,99.0,MG_Hybrid_LowLands2025,0.67413276,199.41924,2.1570005,5.8206185999999995,6.6752734,14.652892999999999,162899.2,775.0952,154568.9,0.0
9183,Non,Lowlands,154,57.476785438299466,99.0,0.6634634,99.0,99.0,MG_Hybrid_LowLands2025,0.6634634,196.51854,2.018602,5.7582445,6.967871000000001,14.744717999999999,158530.67,765.91455,150516.4,0.0
9407,SA_PV2012,Highlands,2399,64.22697447235234,99.0,99.0,0.5885818,99.0,MG_Hybrid_HighLands2025,0.5885818,219.59807,5.3149953000000005,7.6738873,9.580732000000001,22.569614,183617.69,592.1027,130024.62,0.0
9442,SA_Diesel2012,Lowlands,298,64.44175202257523,99.0,0.65860593,99.0,99.0,MG_Hybrid_LowLands2025,0.65860593,220.33241,3.0782025,6.270368,7.9876204,17.336191,174745.34,753.5551,166032.62,0.0
9500,SA_PV2012,Highlands,3839,52.441232944421536,99.0,99.0,0.63676745,99.0,MG_Hybrid_HighLands2025,0.63676745,179.30151,4.6259346,6.5312324,8.534694,19.691860000000002,168556.94,688.47546,123444.69,0.0
9506,Non,Highlands,3816,102.7244675968327,99.0,99.0,0.5046959,99.0,MG_Hybrid_HighLands2025,0.5046959,351.2246,10.487898,11.401516,14.268262,36.157677,251013.84,456.32513,160272.61,0.0
9847,SA_PV2012,Lowlands,249,113.55930643648682,99.0,0.58569115,99.0,99.0,MG_Hybrid_LowLands2025,0.58569115,388.26996,8.425003,9.881568,10.734592999999998,29.041164000000002,263089.34,646.4362,250991.77,0.0
9854,SA_PV2012,Lowlands,294,63.43740286109697,99.0,0.69605726,99.0,99.0,MG_Hybrid_LowLands2025,0.69605726,216.89845,3.808238,6.1966043,8.348726,18.353569,183692.72,805.0305,174609.86,0.0
9867,SA_Diesel2012,Lowlands,193,90.78247703689159,99.0,0.6356614,99.0,99.0,MG_Hybrid_LowLands2025,0.6356614,310.39383,5.929582599999999,8.206996,10.219604499999999,24.356184,230939.8,706.4149,219266.83,0.0
10023,Non,Lowlands,227,52.58514413809196,99.0,0.6773265,99.0,99.0,MG_Hybrid_LowLands2025,0.6773265,179.79355,2.4211150000000004,5.398733,9.520108,17.339956,154163.61,814.68787,146475.62,0.0
10035,SA_Diesel2012,Lowlands,561,62.75678645304132,99.0,0.8205785,99.0,99.0,MG_Hybrid_LowLands2025,0.8205785,214.57135,2.89768,6.1464777,7.377513,16.421670000000002,212274.39,927.4830300000001,199011.3,0.0
10272,SA_PV2012,Highlands,2329,58.51744318830354,99.0,99.0,0.5973359,99.0,MG_Hybrid_HighLands2025,0.5973359,200.07664,4.601267,7.121017,8.791639,20.513922,170731.47,613.5601,122759.05,0.0
10288,SA_PV2012,Highlands,2920,60.93277171750353,99.0,99.0,0.5978839,99.0,MG_Hybrid_HighLands2025,0.5978839,208.33488,5.527503500000001,7.354487400000001,9.2812605,22.163252,177594.31,609.4656,126972.945,0.0
10290,SA_PV2012,Highlands,2864,59.3100640429441,99.0,99.0,0.60171425,99.0,MG_Hybrid_HighLands2025,0.60171425,202.78668000000002,5.082404599999999,7.198164,8.7578125,21.038382000000002,173059.69,610.9215,123886.76,0.0
10622,SA_PV2012,Highlands,3765,82.1494875552293,99.0,99.0,0.5572536,99.0,MG_Hybrid_HighLands2025,0.5572536,280.87683,10.279053,9.405778,13.746488000000001,33.431315999999995,225684.53,537.5422,150983.14,0.0
10626,SA_Diesel2012,Highlands,3904,57.88064839047365,99.0,99.0,0.59145004,99.0,MG_Hybrid_HighLands2025,0.59145004,197.89938,6.123735,7.056906,9.628836999999999,22.809476999999998,173510.92,618.6626,122432.945,0.0
10754,Non,Lowlands,215,56.25387512787135,99.0,0.70127493,99.0,99.0,MG_Hybrid_LowLands2025,0.70127493,192.3373,3.2305782,5.668474,7.6451073,16.544159,167357.61,828.8767,159423.9,0.0
10799,Non,Lowlands,223,64.81424741785824,99.0,0.6837137,99.0,99.0,MG_Hybrid_LowLands2025,0.6837137,221.606,4.318134,6.297854,7.993835000000001,18.609823000000002,183962.14,791.84344,175477.27,0.0
10802,SA_Diesel2012,Lowlands,224,72.37012954702931,99.0,0.6605469,99.0,99.0,MG_Hybrid_LowLands2025,0.6605469,247.44027999999997,4.4807916,6.853342,9.807906,21.142039999999998,196083.45,753.1549,186360.86,0.0
10805,SA_PV2012,Lowlands,224,64.66641160272525,99.0,0.66922945,99.0,99.0,MG_Hybrid_LowLands2025,0.66922945,221.10054,3.7580657,6.2869763,10.436763000000001,20.481804,181226.38,778.2471,172070.84,0.0
10931,SA_PV2012,Lowlands,143,60.4435260629638,99.0,0.742341,99.0,99.0,MG_Hybrid_LowLands2025,0.742341,206.66211,2.488208,5.9763694,6.3662314,14.830809,184888.97,844.0001,174422.84,0.0
10933,SA_Diesel2012,Lowlands,156,72.43198928682901,99.0,0.6604498000000001,99.0,99.0,MG_Hybrid_LowLands2025,0.6604498000000001,247.65177999999997,3.4218879999999996,6.8577576,7.3117003,17.591347,192590.78,737.0247,182525.48,0.0
10950,SA_PV2012,Lowlands,160,54.23007172186489,99.0,0.6964511,99.0,99.0,MG_Hybrid_LowLands2025,0.6964511,185.41772,1.8319374,5.519556,6.793806599999999,14.1453,158727.34,811.1255,150397.03,0.0
11124,SA_Diesel2012,Highlands,861,69.09422208285622,99.0,99.0,0.58755445,99.0,MG_Hybrid_HighLands2025,0.58755445,236.23963999999998,6.2368164,8.146436,9.812356,24.195608,196100.64,569.5126,134541.45,0.0
11141,SA_PV2012,Highlands,3493,50.337697532275136,99.0,99.0,0.6306098000000001,99.0,MG_Hybrid_HighLands2025,0.6306098000000001,172.10933,4.516067,6.3287787,7.741589500000001,18.586435,156551.39,673.41235,115900.55,0.0
11168,SA_PV2012,Highlands,2808,67.90355470798157,99.0,99.0,0.5997551,99.0,MG_Hybrid_HighLands2025,0.5997551,232.16863999999998,6.0314217,8.029725,10.135567,24.196711999999998,197376.6,600.87634,139504.64,0.0
11263,SA_Diesel2012,Highlands,3977,125.42085538419205,99.0,99.0,0.5196926,99.0,MG_Hybrid_HighLands2025,0.5196926,428.8257,15.926599,13.598127999999999,18.672882,48.19761,314427.34,459.15435999999994,196897.19,0.0
11283,SA_PV2012,Highlands,3806,110.26741845561615,99.0,99.0,0.49692035,99.0,MG_Hybrid_HighLands2025,0.49692035,377.01468,11.67413,12.131617,15.151498000000002,38.957245,265500.66,444.814,167701.4,0.0
11363,Non,Lowlands,322,61.14551642807885,99.0,0.65630496,99.0,99.0,MG_Hybrid_LowLands2025,0.65630496,209.06226999999998,2.7721313999999997,6.0280333,8.22436,17.024525,166823.84,758.49,158571.64,0.0
11445,SA_Diesel2012,Lowlands,220,51.362092802003524,99.0,0.6995049,99.0,99.0,MG_Hybrid_LowLands2025,0.6995049,175.61183,1.6284782,5.308716,7.1686273,14.105822,153002.31,825.6166400000001,144988.05,0.0
11458,SA_PV2012,Lowlands,192,65.40936960921397,99.0,0.6617335,99.0,99.0,MG_Hybrid_LowLands2025,0.6617335,223.6408,3.1388261,6.341482,6.681674,16.161983,176707.89,751.183,167995.16,0.0
11592,SA_PV2012,Lowlands,250,51.362092802003524,99.0,0.7004429,99.0,99.0,MG_Hybrid_LowLands2025,0.7004429,175.61183,2.5564284,5.30884,9.9041815,17.76945,157166.92,849.3315,149152.66,0.0
11659,SA_Diesel2012,Lowlands,377,89.3760157373039,99.0,0.65384597,99.0,99.0,MG_Hybrid_LowLands2025,0.65384597,305.585,5.825996,8.103613000000001,11.158551,25.088160000000002,235043.2,728.4029,222589.0,0.0
11697,Non,Lowlands,209,64.81424741785824,99.0,0.6619695999999999,99.0,99.0,MG_Hybrid_LowLands2025,0.6619695999999999,221.606,3.7029192,6.297813,8.53382,18.534551999999998,177776.6,763.93115,169291.73,0.0
11754,Non,Highlands,4811,51.36223379841635,99.0,99.0,0.62099415,99.0,MG_Hybrid_HighLands2025,0.62099415,175.6123,3.786579,6.4294157,7.22985,17.445845000000002,155817.48,646.6039,113551.6,0.0
11773,SA_Diesel2012,Lowlands,183,75.20891471915216,99.0,0.6282099,99.0,99.0,MG_Hybrid_LowLands2025,0.6282099,257.14636,3.8368583,7.061941,7.814846000000001,18.713646,190009.11,702.7495,180709.47,0.0
11824,SA_PV2012,Lowlands,135,50.96026265964444,99.0,0.6958231,99.0,99.0,MG_Hybrid_LowLands2025,0.6958231,174.23793,1.4513332,5.2791467,6.5871935,13.317673999999998,150554.78,819.0082,142702.28,0.0
11951,SA_PV2012,Lowlands,692,59.31907069186917,99.0,0.7162383000000001,99.0,99.0,MG_Hybrid_LowLands2025,0.7162383000000001,202.81749,4.196372,5.8939047,10.223587,20.313864000000002,181168.03,850.29803,172455.3,0.0
11974,SA_PV2012,Lowlands,688,60.778837471170384,99.0,0.72249484,99.0,99.0,MG_Hybrid_LowLands2025,0.72249484,207.80856,4.2402263,6.00122,10.243806,20.485252,186262.19,851.9110000000001,177034.4,0.0
12019,SA_PV2012,Highlands,2095,66.63532913377979,99.0,99.0,0.578436,99.0,MG_Hybrid_HighLands2025,0.578436,227.83246,5.8068514,7.907475999999999,9.754044,23.46837,186254.77,570.60535,130002.42,0.0
12029,SA_PV2012,Highlands,2356,131.0679335139419,99.0,99.0,0.48063409999999995,99.0,MG_Hybrid_HighLands2025,0.48063409999999995,448.1336,14.969693,14.144260999999998,17.679022,46.792976,305741.06,423.3678,189725.33,0.0
12042,SA_PV2012,Lowlands,634,57.703477855172316,99.0,0.6696350999999999,99.0,99.0,MG_Hybrid_LowLands2025,0.6696350999999999,197.29362,3.9925046,5.7751584000000005,12.55087,22.318533,169224.64,814.7237,160739.78,0.0
12054,SA_PV2012,Highlands,1082,66.23945642620806,99.0,99.0,0.57689303,99.0,MG_Hybrid_HighLands2025,0.57689303,226.47893,5.0582650000000005,7.869476299999999,9.63965,22.567392,185351.97,570.4498,129194.87,0.0
12078,SA_PV2012,Highlands,3846,81.54826693267339,99.0,99.0,0.5471225000000001,99.0,MG_Hybrid_HighLands2025,0.5471225000000001,278.8212,8.955397999999999,9.348953,12.779874000000001,31.084225,217986.73,527.5918,147103.77,0.0
12131,SA_Diesel2012,Lowlands,179,65.2552943635433,99.0,0.68520296,99.0,99.0,MG_Hybrid_LowLands2025,0.68520296,223.11397999999997,2.902148,6.3301444,7.355152599999999,16.587444,182825.05,775.84766,173102.47,0.0
12149,SA_Diesel2012,Highlands,979,79.33131250625533,99.0,99.0,0.54708207,99.0,MG_Hybrid_HighLands2025,0.54708207,271.2412,6.7124104,9.138664,10.710656,26.561730999999998,212339.3,505.5709,137131.67,0.0
12326,SA_Diesel2012,Lowlands,187,58.72584031450067,99.0,0.6959988,99.0,99.0,MG_Hybrid_LowLands2025,0.6959988,200.78916999999998,2.382987,5.850096700000001,6.654960000000001,14.888043,169482.62,799.9458,160620.45,0.0
12525,SA_PV2012,Lowlands,225,63.79566858357963,99.0,0.6666584,99.0,99.0,MG_Hybrid_LowLands2025,0.6666584,218.1234,3.667363,6.222954,10.121027,20.011345000000002,178184.34,776.2678,169322.17,0.0
12531,SA_PV2012,Highlands,1874,59.112706375487136,99.0,99.0,0.5888944,99.0,MG_Hybrid_HighLands2025,0.5888944,202.11191000000002,3.8155803999999995,7.180885000000001,8.093611,19.090076,171210.86,582.2251,117674.625,0.0
12541,SA_Diesel2012,Lowlands,426,128.6353261270514,99.0,0.55507773,99.0,99.0,MG_Hybrid_LowLands2025,0.55507773,439.81628,10.074471,10.989996000000001,12.667078,33.731544,282577.62,614.442,270241.6,0.0
12563,SA_Diesel2012,Lowlands,220,189.85199090743302,99.0,0.5034404,99.0,99.0,MG_Hybrid_LowLands2025,0.5034404,649.1218,16.014114000000003,15.490642000000001,13.963246,45.468002,376053.66,556.03723,360935.9,0.0
12567,SA_PV2012,Lowlands,221,68.32396213969147,99.0,0.64815223,99.0,99.0,MG_Hybrid_LowLands2025,0.64815223,233.60605,3.7778144,6.555859,10.679062,21.012735,183831.9,746.8164,174460.83,0.0
12573,SA_Diesel2012,Lowlands,282,89.71710196467346,99.0,0.9474014000000001,99.0,99.0,MG_Hybrid_LowLands2025,0.9474014000000001,306.75122000000005,6.260929,8.128728,11.896621000000001,26.286278000000003,341854.06,1034.3716,317294.72,0.0
12906,Non,Highlands,826,67.26006806796198,99.0,99.0,0.5624416999999999,99.0,MG_Hybrid_HighLands2025,0.5624416999999999,229.9685,5.0400105,7.9686184,9.676811,22.68544,183599.73,548.51764,126141.78,0.0
12957,SA_PV2012,Highlands,3152,50.96026265964444,99.0,99.0,0.6223736,99.0,MG_Hybrid_HighLands2025,0.6223736,174.23793,3.7521987,6.3894415,7.578411999999999,17.720053,156292.52,661.8606599999999,115321.234,0.0
12976,Non,Highlands,3816,66.03715775753386,99.0,99.0,0.58348864,99.0,MG_Hybrid_HighLands2025,0.58348864,225.78726,6.8027973,7.8483279999999995,10.40531,25.056435,187155.97,581.9535,131397.69,0.0
12977,SA_PV2012,Highlands,2460,57.67515951212636,99.0,99.0,0.59201306,99.0,MG_Hybrid_HighLands2025,0.59201306,197.1968,4.473999,7.0395,8.656812,20.170310999999998,166855.05,608.1429400000001,119923.84,0.0
13092,SA_PV2012,Lowlands,321,70.76673360198029,99.0,0.6568560999999999,99.0,99.0,MG_Hybrid_LowLands2025,0.6568560999999999,241.95811,3.4605230000000002,6.735342999999999,7.062102,17.257967,187767.61,736.71765,178254.81,0.0
13264,SA_PV2012,Highlands,3403,80.91350497595343,99.0,99.0,0.5447934,99.0,MG_Hybrid_HighLands2025,0.5447934,276.65088,9.684277,9.286224,13.193666,32.16417,217937.9,526.63837,145694.98,0.0
13298,SA_Diesel2012,Highlands,2811,55.83869069371399,99.0,99.0,0.60062736,99.0,MG_Hybrid_HighLands2025,0.60062736,190.91773999999998,3.8687197999999996,6.862112,8.291984,19.022816,164064.62,620.90967,118542.664,0.0
13428,Non,Lowlands,211,56.25387512787135,99.0,0.6941958,99.0,99.0,MG_Hybrid_LowLands2025,0.6941958,192.3373,3.0659876,5.668463,7.891814999999999,16.626266,165604.12,819.76,157670.42,0.0
13485,SA_PV2012,Lowlands,275,62.002225027899115,99.0,0.86104506,99.0,99.0,MG_Hybrid_LowLands2025,0.86104506,211.99143999999998,3.696304,6.091122599999999,10.668042,20.455470000000002,224658.11,991.70685,210233.36,0.0
13547,SA_PV2012,Highlands,3853,58.096301348606346,99.0,99.0,0.5959214,99.0,MG_Hybrid_HighLands2025,0.5959214,198.63672,3.9059617999999996,7.0820300000000005,8.053212,19.041204,169364.5,596.7537,118537.195,0.0
13591,SA_Diesel2012,Lowlands,145,58.12854431633206,99.0,0.69689023,99.0,99.0,MG_Hybrid_LowLands2025,0.69689023,198.74696,2.0821064,5.806159,6.794251400000001,14.682517,167954.02,799.7319,158944.28,0.0
13649,SA_PV2012,Highlands,3099,74.27791713978812,99.0,99.0,0.63154656,99.0,MG_Hybrid_HighLands2025,0.63154656,253.96318,7.513947,8.648692,10.699076,26.861715000000004,226544.08,612.16705,155467.9,0.0
13813,SA_Diesel2012,Highlands,2030,63.17920188741046,99.0,99.0,0.58562034,99.0,MG_Hybrid_HighLands2025,0.58562034,216.01564,5.398307,7.572315700000001,9.462251,22.432873,179772.84,589.6869,127381.586,0.0
13816,SA_PV2012,Highlands,3516,51.79557249729663,99.0,99.0,0.6216273,99.0,MG_Hybrid_HighLands2025,0.6216273,177.09393,4.548006,6.4696927,7.948703999999999,18.966402,159223.89,660.8276400000001,117028.56,0.0
13941,SA_Diesel2012,Highlands,2241,54.24342598675547,99.0,99.0,0.6042622,99.0,MG_Hybrid_HighLands2025,0.6042622,185.46338,3.2528088,6.7092867,7.408321400000001,17.370417,161547.22,612.3104,113561.16,0.0
14117,SA_Diesel2012,Lowlands,127,53.0889262104283,99.0,0.75718963,99.0,99.0,MG_Hybrid_LowLands2025,0.75718963,181.51604,1.6974502,5.4356513,6.566039599999999,13.699141500000001,169358.08,879.4566699999999,159635.48,0.0
14311,SA_PV2012,Lowlands,236,50.37807173575154,99.0,0.7337956,99.0,99.0,MG_Hybrid_LowLands2025,0.7337956,172.24736000000001,2.6736956000000003,5.2365084,9.6724205,17.582624,162027.89,891.8571,153620.03,0.0
14315,SA_Diesel2012,Lowlands,258,54.160860154525864,99.0,1.0537112,99.0,99.0,MG_Hybrid_LowLands2025,1.0537112,185.18108,2.9944450000000002,5.5146239999999995,10.318821,18.82789,244781.23,1226.069,227044.77,0.0
14321,SA_Diesel2012,Lowlands,199,57.67515951212636,99.0,0.6730885999999999,99.0,99.0,MG_Hybrid_LowLands2025,0.6730885999999999,197.1968,2.782076,5.7729297,8.664908,17.219913000000002,163880.48,790.00415,155786.3,0.0
14401,SA_Diesel2012,Lowlands,271,75.67370002598041,99.0,0.8955766,99.0,99.0,MG_Hybrid_LowLands2025,0.8955766,258.7355,5.041083,7.0962586,11.254000999999999,23.391342,277405.2,999.73315,258666.45,0.0
14434,SA_PV2012,Highlands,1254,58.946434306022866,99.0,99.0,0.62151295,99.0,MG_Hybrid_HighLands2025,0.62151295,201.54341000000002,4.4932723,7.162882300000001,8.729659,20.385813,178646.19,641.4074,129271.43,0.0
14522,SA_Diesel2012,Lowlands,206,59.944826029789,99.0,0.6818113,99.0,99.0,MG_Hybrid_LowLands2025,0.6818113,204.957,2.796334,5.93976,7.503574400000001,16.23967,170051.94,787.9243,161490.61,0.0
14559,SA_PV2012,Lowlands,203,57.88064839047365,99.0,0.6702239999999999,99.0,99.0,MG_Hybrid_LowLands2025,0.6702239999999999,197.89938,2.8877485000000003,5.788055,9.401147,18.07695,164474.88,789.8023,156301.39,0.0
14717,SA_PV2012,Highlands,3041,62.58712891223972,99.0,99.0,0.5856805,99.0,MG_Hybrid_HighLands2025,0.5856805,213.99129,4.974171599999999,7.516441,8.803089,21.293701000000002,177791.48,577.7679400000001,123637.305,0.0
14770,SA_Diesel2012,Highlands,2032,111.31287626950464,99.0,99.0,0.51120555,99.0,MG_Hybrid_HighLands2025,0.51120555,380.5892,12.234075,12.231778,15.78067,40.246520000000004,275594.0,466.04218,177370.62,0.0
15103,SA_Diesel2012,Lowlands,175,73.80389278651025,99.0,0.62681705,99.0,99.0,MG_Hybrid_LowLands2025,0.62681705,252.34245,3.5516875,6.958626700000001,7.66114,18.171453,186071.61,701.0952,176916.08,0.0
15235,SA_PV2012,Highlands,2916,52.413055600420655,99.0,99.0,0.615161,99.0,MG_Hybrid_HighLands2025,0.615161,179.20516999999998,3.5293707999999997,6.5304269999999995,7.752698,17.812496,158404.98,647.3497,116008.41,0.0
15291,SA_Diesel2012,Lowlands,218,56.4735936778491,99.0,0.71332103,99.0,99.0,MG_Hybrid_LowLands2025,0.71332103,193.08853,3.536549,5.6846485,7.492891999999999,16.71409,171051.83,844.3669,163037.56,0.0
15312,SA_PV2012,Lowlands,210,135.60856492301735,99.0,0.53827333,99.0,99.0,MG_Hybrid_LowLands2025,0.53827333,463.65845,10.184915,11.502628999999999,12.507872,34.195415000000004,287970.6,593.9694,275398.94,0.0
15344,SA_PV2012,Lowlands,209,103.38667251969112,99.0,0.5687262,99.0,99.0,MG_Hybrid_LowLands2025,0.5687262,353.48877000000005,6.861428299999999,9.133664,11.8406515,27.835743,234328.3,632.1885,223471.52,0.0
15356,SA_Diesel2012,Lowlands,244,54.46896097189054,99.0,0.70869786,99.0,99.0,MG_Hybrid_LowLands2025,0.70869786,186.2345,2.449919,5.5372143,9.166088,17.153221,165077.81,839.2115,156290.12,0.0
15386,SA_Diesel2012,Lowlands,168,84.09649198348636,99.0,0.6776763000000001,99.0,99.0,MG_Hybrid_LowLands2025,0.6776763000000001,287.5338,4.7337737,7.7153864,9.32116,21.77032,228223.22,749.59784,215534.73,0.0
15397,SA_Diesel2012,Highlands,3001,50.76697061064778,99.0,99.0,0.62541837,99.0,MG_Hybrid_HighLands2025,0.62541837,173.57703999999998,4.381881,6.3700204000000005,7.803467299999999,18.555367999999998,157677.2,669.8766,116275.2,0.0
15409,SA_PV2012,Highlands,4347,66.93898633840527,99.0,99.0,0.5976593000000001,99.0,MG_Hybrid_HighLands2025,0.5976593000000001,228.8707,6.9162307,7.934162599999999,10.851495,25.701889,198982.08,611.14233,139872.56,0.0
15471,SA_PV2012,Lowlands,152,78.56952008090134,99.0,0.77268654,99.0,99.0,MG_Hybrid_LowLands2025,0.77268654,268.63657,4.073108,7.308992,7.1640196,18.546120000000002,242598.56,847.19006,227586.25,0.0
15476,SA_Diesel2012,Lowlands,200,66.23945642620806,99.0,0.65695727,99.0,99.0,MG_Hybrid_LowLands2025,0.65695727,226.47893,3.648656,6.4025965,9.764258,19.815512,180572.08,757.5201400000001,171562.36,0.0
15553,SA_PV2012,Highlands,1570,70.50548341415606,99.0,99.0,0.6000191,99.0,MG_Hybrid_HighLands2025,0.6000191,241.06488,7.824263,8.283966,10.880389,26.988619,204357.22,564.9008,136177.75,0.0
15763,SA_Diesel2012,Lowlands,527,50.23910161407735,99.0,0.7794183000000001,99.0,99.0,MG_Hybrid_LowLands2025,0.7794183000000001,171.77222,1.5536907,5.2261553,7.074192999999999,13.854039000000002,167336.47,917.172,157544.67,0.0
15928,SA_Diesel2012,Highlands,1327,69.09422208285622,99.0,99.0,0.5818923,99.0,MG_Hybrid_HighLands2025,0.5818923,236.23963999999998,5.6698365,8.147684,9.225268,23.04279,197083.69,552.8228,130598.664,0.0
15972,SA_Diesel2012,Lowlands,161,80.34147810610814,99.0,0.6317636,99.0,99.0,MG_Hybrid_LowLands2025,0.6317636,274.69507000000004,4.368314700000001,7.4392830000000005,7.4446673,19.252264,202445.84,700.5893,192448.44,0.0
15974,SA_Diesel2012,Lowlands,267,55.07337180499696,99.0,0.70815647,99.0,99.0,MG_Hybrid_LowLands2025,0.70815647,188.30104,2.1083597999999997,5.581578700000001,6.8927374000000015,14.582676000000001,163853.52,824.2983,155216.23,0.0
16073,SA_Diesel2012,Highlands,3774,75.39305909356345,99.0,99.0,0.5536724000000001,99.0,MG_Hybrid_HighLands2025,0.5536724000000001,257.77597000000003,8.672566999999999,8.751805000000001,12.3126955,29.737068,207613.98,545.547,140628.89,0.0
16215,SA_PV2012,Lowlands,208,107.84395871611078,99.0,0.590731,99.0,99.0,MG_Hybrid_LowLands2025,0.590731,368.72864,8.371383999999999,9.461391,9.628112,27.460888,252305.55,654.4667400000001,241320.64,0.0
16228,Non,Lowlands,223,61.14551642807885,99.0,0.69133216,99.0,99.0,MG_Hybrid_LowLands2025,0.69133216,209.06226999999998,3.8993592000000006,6.028126,8.024405499999999,17.95189,177149.84,807.882,168897.66,0.0
16271,SA_Diesel2012,Lowlands,253,95.81237887900022,99.0,0.6627765999999999,99.0,99.0,MG_Hybrid_LowLands2025,0.6627765999999999,327.59152,6.2613316,8.5768,11.197722,26.035854,253703.28,731.9161,239769.52,0.0
16311,SA_PV2012,Highlands,2545,52.413055600420655,99.0,99.0,0.6198305000000001,99.0,MG_Hybrid_HighLands2025,0.6198305000000001,179.20516999999998,3.7643359,6.530451,7.667074,17.96186,159279.9,651.6818,116784.75,0.0
16368,Non,Lowlands,232,72.15170939741701,99.0,0.65507114,99.0,99.0,MG_Hybrid_LowLands2025,0.65507114,246.69348,4.8217654,6.837297,8.851682,20.510744,193555.75,748.3764,184619.58,0.0
16381,SA_PV2012,Lowlands,197,54.447757463489936,99.0,0.7109637,99.0,99.0,MG_Hybrid_LowLands2025,0.7109637,186.162,2.7034686000000003,5.535668,8.418192999999999,16.657329999999998,165256.28,842.53723,156848.42,0.0
16551,SA_PV2012,Highlands,1609,52.80966274815195,99.0,99.0,0.6667534,99.0,MG_Hybrid_HighLands2025,0.6667534,180.5612,4.902299,6.5710487,7.580937,19.054285,173199.94,677.2266,122280.86,0.0
16620,SA_PV2012,Highlands,2837,89.92856046904909,99.0,99.0,0.52448165,99.0,MG_Hybrid_HighLands2025,0.52448165,307.4742,8.940371,10.16155,13.247266,32.349185999999996,228408.19,492.9843,151579.95,0.0
16638,Non,Highlands,2647,52.58514413809196,99.0,99.0,0.6036,99.0,MG_Hybrid_HighLands2025,0.6036,179.79355,3.6917577000000006,6.546819999999999,7.876557400000001,18.115135000000002,156116.47,634.03375,113995.18,0.0
16702,Non,Highlands,3859,51.36223379841635,99.0,99.0,0.61973196,99.0,MG_Hybrid_HighLands2025,0.61973196,175.6123,5.034773,6.4270059999999996,8.176872999999999,19.638653,159518.83,663.15485,116458.16,0.0
16751,SA_PV2012,Highlands,3799,71.67220483781138,99.0,99.0,0.6312605,99.0,MG_Hybrid_HighLands2025,0.6312605,245.05402,8.173976,8.3921175,11.666614,28.232706,223864.86,643.92334,157796.0,0.0
16867,SA_Diesel2012,Lowlands,129,61.177759395804564,99.0,0.67670435,99.0,99.0,MG_Hybrid_LowLands2025,0.67670435,209.17252,2.2684724,6.0303325999999995,7.1014595,15.400265,170307.81,771.1247,161298.1,0.0
16871,SA_Diesel2012,Lowlands,175,64.66641160272525,99.0,0.6861903,99.0,99.0,MG_Hybrid_LowLands2025,0.6861903,221.10054,3.1411464,6.286851,5.708228599999999,15.136226,180893.14,776.7399,171737.61,0.0
17078,SA_Diesel2012,Lowlands,229,63.87466617880754,99.0,0.6860899,99.0,99.0,MG_Hybrid_LowLands2025,0.6860899,218.3935,3.6049254,6.228758999999999,10.251335000000001,20.08502,183544.02,796.5481599999999,173960.94,0.0
17112,SA_Diesel2012,Lowlands,215,114.57686886702778,99.0,0.5830895,99.0,99.0,MG_Hybrid_LowLands2025,0.5830895,391.74908,8.897037,9.956408,11.101326,29.95477,264677.4,645.5207,252882.14,0.0
17143,SA_PV2012,Lowlands,517,66.12603741193645,99.0,0.69026756,99.0,99.0,MG_Hybrid_LowLands2025,0.69026756,226.09114,4.7069945,6.394375,12.589262,23.690632,193512.55,811.6866,183515.14,0.0
17448,SA_Diesel2012,Lowlands,220,104.93924824568536,99.0,0.57199824,99.0,99.0,MG_Hybrid_LowLands2025,0.57199824,358.79715,6.922863499999999,9.2477865,11.000899,27.171549,238120.77,632.8705,227072.14,0.0
17484,SA_PV2012,Highlands,1338,59.790468805916454,99.0,99.0,0.6918408,99.0,MG_Hybrid_HighLands2025,0.6918408,204.42924,6.7311176999999995,7.246670699999999,10.124509,24.102297,200944.69,693.1448,141699.05,0.0
17538,SA_PV2012,Lowlands,753,65.01552970911756,99.0,0.6496352,99.0,99.0,MG_Hybrid_LowLands2025,0.6496352,222.29422000000002,3.5192873,6.3126264,10.608526,20.44044,176750.84,754.92145,167814.67,0.0
17673,SA_Diesel2012,Lowlands,416,102.51782131453275,99.0,0.58520526,99.0,99.0,MG_Hybrid_LowLands2025,0.58520526,350.51807,7.3390317,9.069815,11.455683,27.864528999999997,239251.27,651.408,228330.28,0.0
18020,SA_PV2012,Highlands,3068,60.55214505429754,99.0,99.0,0.6056581999999999,99.0,MG_Hybrid_HighLands2025,0.6056581999999999,207.03348,4.5047984,7.320325,8.143292,19.968416,179777.2,597.1975,123639.88,0.0
18178,SA_PV2012,Highlands,3126,77.51068321134495,99.0,99.0,0.58637375,99.0,MG_Hybrid_HighLands2025,0.58637375,265.01633,7.1448026,8.961913000000001,10.638933,26.74565,220613.61,556.01,147351.72,0.0
18307,SA_PV2012,Highlands,1021,62.96354895911022,99.0,99.0,0.591186,99.0,MG_Hybrid_HighLands2025,0.591186,215.27829,4.992936,7.5541015,8.363911,20.910948,182728.95,570.5069,122817.75,0.0
18558,SA_Diesel2012,Highlands,2692,50.76697061064778,99.0,99.0,0.62351114,99.0,MG_Hybrid_HighLands2025,0.62351114,173.57703999999998,3.8770156000000005,6.3707075,7.537289,17.785013,155885.83,663.18536,115113.76,0.0
18576,SA_PV2012,Highlands,1127,105.3302001088412,99.0,99.0,0.58445823,99.0,MG_Hybrid_HighLands2025,0.58445823,360.13385,10.707786,11.653275500000001,14.756488000000001,37.11755,297493.8,557.9156,200924.3,0.0
