NPC,Renewable Invesment Cost,Battery Unitary Invesment Cost,Deep of Discharge,Battery Cycles,GenSet Unitary Invesment Cost,Generator Efficiency,Low Heating Value,Fuel Cost,Generator Nominal capacity,HouseHolds,Renewable Energy Unit Total,Max Demand
90410.32,1181,699,0.28,3589.06,1191,0.22,10.04,1.0,5,50,465.25,6.92
73547.62,1796,462,0.03,1422.74,1652,0.38,7.02,0.8,5,50,448.48,6.92
74559.21,1118,281,0.41,4787.33,1809,0.22,9.99,1.0,5,50,473.9,6.92
98893.51,1278,560,0.11,6110.77,1685,0.18,8.93,1.1,5,50,460.83,6.92
90327.06,1504,355,0.29,6192.15,1977,0.26,7.67,1.1,5,50,459.81,6.92
45126.1,1062,409,0.18,2689.13,1933,0.36,9.39,0.5,5,50,470.24,6.92
78496.33,1153,654,0.2,4987.11,1204,0.13,10.04,0.5,5,50,469.46,6.92
93029.91,1637,745,0.0,4103.51,1731,0.2,9.45,0.8,5,50,429.91,6.92
70362.27,1772,752,0.17,3919.02,1647,0.25,8.92,0.6,5,50,467.18,6.92
101482.21,1267,497,0.48,3775.44,1448,0.13,10.46,0.7,5,50,453.52,6.92
64599.22,1993,566,0.33,3523.32,1832,0.17,8.14,0.3,5,50,412.49,6.92
91721.57,1755,381,0.04,2838.98,1316,0.14,8.97,0.7,5,50,423.9,6.92
104015.53,1767,331,0.44,6374.67,1997,0.25,9.29,1.2,5,50,425.21,6.92
31330.41,1923,659,0.31,5996.28,1693,0.35,8.65,0.2,5,50,461.58,6.92
56078.54,1990,245,0.07,1954.8,1671,0.1,9.88,0.2,5,50,412.53,6.92
138693.14,1646,686,0.25,3750.7,1798,0.11,7.38,0.6,5,50,429.3,6.92
68087.07,1215,681,0.13,4530.37,1502,0.27,10.24,0.8,5,50,444.93,6.92
81105.96,1497,392,0.48,3692.98,1907,0.22,7.72,0.6,5,50,417.25,6.92
29619.27,1141,349,0.4,6412.4,1618,0.37,10.65,0.3,5,50,459.2,6.92
47925.16,1963,785,0.06,4044.81,1918,0.32,7.32,0.3,5,50,417.18,6.92
51282.33,1127,641,0.28,2773.43,1434,0.2,8.08,0.3,5,50,531.3,6.92
86240.96,1373,793,0.15,6624.43,1053,0.34,7.6,1.1,5,50,473.18,6.92
44820.72,1831,341,0.12,4383.42,1240,0.38,8.16,0.5,5,50,529.09,6.92
95713.91,1654,714,0.01,3451.79,1345,0.27,7.1,0.9,5,50,467.69,6.92
44366.79,1546,368,0.47,2569.85,1390,0.29,9.71,0.4,5,50,464.02,6.92
76916.38,1554,224,0.45,1104.77,1376,0.18,9.77,0.8,5,50,445.96,6.92
93905.53,1475,316,0.42,6301.57,1874,0.13,8.59,0.6,5,50,431.31,6.92
42960.65,1679,596,0.12,2132.45,1281,0.37,10.63,0.5,5,50,461.86,6.92
70318.97,1464,523,0.16,2656.69,1929,0.31,9.24,0.8,5,50,427.18,6.92
111372.89,1518,522,0.39,5631.6,1407,0.19,10.08,1.1,5,50,415.72,6.92
78113.38,1231,780,0.26,6659.51,1858,0.33,7.31,0.8,5,50,418.69,6.92
68774.98,1676,249,0.03,5290.75,1928,0.32,7.31,0.9,5,50,469.56,6.92
33947.65,1721,479,0.35,3032.87,1438,0.23,9.67,0.2,5,50,503.03,6.92
51162.2,1211,520,0.34,3192.15,1772,0.26,8.84,0.4,5,50,460.79,6.92
39297.81,1377,776,0.44,5600.44,1591,0.38,8.38,0.3,5,50,440.37,6.92
51411.24,1808,445,0.34,1033.65,1568,0.28,9.08,0.4,5,50,444.01,6.92
72694.57,1778,787,0.01,4853.16,1903,0.21,10.7,0.6,5,50,418.87,6.92
68367.83,1204,430,0.19,1659.8,1885,0.3,10.64,0.9,5,50,418.77,6.92
53734.81,1743,679,0.22,6227.24,1060,0.2,7.72,0.3,5,50,462.62,6.92
82995.93,1342,400,0.21,6294.07,1020,0.15,9.68,0.9,5,50,460.85,6.92
75588.64,1665,509,0.06,2696.05,1250,0.27,9.79,0.9,5,50,448.2,6.92
80424.51,1401,745,0.44,4363.2,1094,0.24,9.31,0.8,5,50,454.57,6.92
33217.45,1859,279,0.46,5868.25,1130,0.36,10.25,0.4,5,50,462.69,6.92
129900.23,1898,765,0.12,4992.54,1449,0.17,8.41,1.0,5,50,463.64,6.92
74604.9,1320,530,0.06,5649.5,1605,0.37,7.09,0.9,5,50,449.11,6.92
75454.06,1834,292,0.03,6578.96,1177,0.11,8.91,0.6,5,50,467.21,6.92
61544.74,1119,606,0.37,1882.05,1307,0.12,10.77,0.3,5,50,421.28,6.92
53743.02,1008,313,0.02,5140.28,1158,0.38,8.28,0.8,5,50,450.37,6.92
128182.86,1125,757,0.38,2040.59,1804,0.12,10.29,0.8,5,50,414.69,6.92
30422.91,1081,330,0.49,3669.58,1107,0.31,7.17,0.2,5,50,413.38,6.92
72955.22,1526,460,0.12,6462.09,1623,0.14,10.55,0.5,5,50,503.12,6.92
74141.28,1142,343,0.1,4420.79,1292,0.14,7.66,0.7,5,50,444.07,6.92
96785.91,1627,652,0.24,2669.35,1460,0.22,10.81,1.1,5,50,478.58,6.92
50418.91,1264,320,0.36,6213.43,1815,0.15,10.51,0.3,5,50,472.44,6.92
52487.21,1016,732,0.5,2843.49,1314,0.32,7.23,0.4,5,50,522.06,6.92
78199.02,1466,594,0.49,6029.18,1491,0.23,10.1,0.8,5,50,463.11,6.92
56648.13,1580,366,0.27,1379.27,1877,0.19,10.42,0.4,5,50,467.57,6.92
72344.98,1101,422,0.01,4755.34,1414,0.29,9.64,1.1,5,50,453.62,6.92
58976.15,1866,701,0.29,2510.05,1757,0.3,9.33,0.5,5,50,471.54,6.92
63645.92,1419,458,0.39,2947.96,1064,0.36,9.21,0.9,5,50,421.36,6.92
64242.11,1909,578,0.07,1250.74,1685,0.25,7.43,0.4,5,50,462.9,6.92
70640.87,1976,438,0.23,5381.98,1666,0.2,8.59,0.5,5,50,467.2,6.92
54261.46,1498,450,0.14,5200.25,1050,0.32,7.93,0.6,5,50,521.07,6.92
73061.92,1687,239,0.05,6906.12,1788,0.27,9.93,1.0,5,50,413.69,6.92
93916.73,1594,628,0.21,2134.59,1723,0.22,9.53,0.9,5,50,460.47,6.92
101714.57,1969,704,0.3,5340.6,1740,0.17,9.07,0.7,5,50,415.09,6.92
30426.16,1452,740,0.04,2354.21,1640,0.38,9.75,0.2,5,50,458.71,6.92
63039.5,1429,770,0.45,2575.71,1220,0.2,8.96,0.4,5,50,480.52,6.92
73451.78,1641,644,0.43,1173.68,1981,0.33,10.74,0.8,5,50,412.85,6.92
83079.98,1277,694,0.45,3537.54,1208,0.28,10.59,1.1,5,50,416.08,6.92
76263.38,1289,720,0.26,4504.14,1161,0.35,9.19,1.1,5,50,427.29,6.92
96970.8,1362,497,0.09,3269.5,1074,0.23,8.09,1.0,5,50,419.3,6.92
44259.92,1177,662,0.15,6623.75,1548,0.37,10.16,0.5,5,50,414.64,6.92
60961.31,1032,750,0.2,1713.96,1795,0.39,9.84,0.8,5,50,469.49,6.92
36062.15,1568,224,0.47,6733.41,1958,0.28,7.04,0.2,5,50,460.85,6.92
47447.33,1168,715,0.17,4020.98,1821,0.16,8.79,0.2,5,50,490.06,6.92
67723.1,1431,291,0.43,4950.21,1860,0.33,8.53,0.8,5,50,414.75,6.92
83876.08,1515,413,0.32,3721.54,1944,0.37,8.61,1.2,5,50,423.93,6.92
58257.05,1943,564,0.29,3942.73,1143,0.12,7.58,0.2,5,50,489.24,6.92
105320.24,1732,709,0.25,5128.72,1471,0.24,8.21,1.0,5,50,423.98,6.92
37567.26,1551,615,0.14,3085.69,1278,0.35,8.18,0.3,5,50,427.1,6.92
67107.14,1571,563,0.25,3463.15,1692,0.11,10.15,0.3,5,50,468.34,6.92
91347.15,1657,474,0.33,5504.77,1893,0.11,10.87,0.5,5,50,424.37,6.92
55771.84,1755,582,0.23,2164.24,1327,0.29,9.24,0.5,5,50,447.05,6.92
98985.06,1763,525,0.41,2495.31,1003,0.33,7.62,1.2,5,50,424.46,6.92
61994.71,1699,406,0.05,1188.91,1131,0.3,9.14,0.7,5,50,462.68,6.92
72573.14,1050,408,0.31,6068.12,1975,0.21,10.07,0.7,5,50,448.83,6.92
82407.22,1060,792,0.28,4802.81,1198,0.29,8.67,1.0,5,50,452.88,6.92
52937.75,1298,641,0.28,6800.82,1535,0.26,10.46,0.5,5,50,421.12,6.92
64740.6,1245,266,0.11,6141.05,1999,0.16,8.13,0.6,5,50,473.7,6.92
71488.04,1448,387,0.48,4623.43,1630,0.13,7.51,0.3,5,50,431.49,6.92
79339.9,1473,512,0.08,3905.56,1346,0.4,7.35,1.1,5,50,423.17,6.92
33171.69,1393,251,0.47,4191.35,1284,0.4,7.15,0.3,5,50,428.37,6.92
87490.3,1536,382,0.22,4066.41,1589,0.26,7.8,1.0,5,50,467.29,6.92
55779.23,1254,301,0.35,3616.82,1868,0.19,9.45,0.4,5,50,465.3,6.92
80558.02,1912,623,0.3,1334.01,1577,0.34,9.91,1.0,5,50,412.26,6.92
123103.36,1989,553,0.2,3864.54,1424,0.18,9.49,1.1,5,50,416.59,6.92
93689.44,1638,669,0.13,6363.55,1834,0.18,8.81,0.7,5,50,456.03,6.92
61284.64,1024,285,0.16,3127.66,1553,0.35,8.0,1.0,5,50,467.52,6.92
70283.49,1606,617,0.39,1553.78,1519,0.35,7.85,0.7,5,50,448.9,6.92
138369.13,1268,755,0.01,1185.92,1007,0.31,9.12,0.9,9,100,428.98,11.83
225275.6,1337,780,0.23,1870.68,1958,0.13,10.31,0.8,9,100,420.63,11.83
149181.87,1580,578,0.03,6646.67,1579,0.1,10.65,0.4,9,100,458.17,11.83
81494.11,1120,330,0.24,5331.41,1013,0.18,9.14,0.3,9,100,431.57,11.83
96686.48,1455,466,0.02,4089.15,1683,0.28,7.63,0.4,9,100,424.29,11.83
57629.65,1550,724,0.28,6354.72,1094,0.37,9.5,0.3,9,100,414.57,11.83
92062.95,1227,762,0.43,3509.45,1346,0.21,9.2,0.3,9,100,416.19,11.83
143809.42,1879,311,0.09,6881.6,1842,0.28,8.42,0.8,9,100,417.07,11.83
68108.1,1284,509,0.24,5480.34,1245,0.22,7.86,0.2,9,100,472.09,11.83
124542.83,1785,791,0.5,5792.05,1469,0.28,10.06,0.7,9,100,466.47,11.83
131181.36,1569,612,0.31,4618.1,1600,0.13,9.76,0.4,9,100,536.33,11.83
41497.66,1089,297,0.21,1732.6,1090,0.4,8.03,0.2,9,100,467.25,11.83
125382.34,1642,705,0.17,2419.99,1693,0.31,10.16,0.8,9,100,467.39,11.83
210023.15,1160,513,0.42,5309.83,1380,0.2,7.64,1.1,9,100,470.05,11.83
123696.47,1022,324,0.32,6598.37,1521,0.19,7.57,0.6,9,100,529.22,11.83
74531.34,1442,251,0.18,4192.44,1785,0.29,8.1,0.3,9,100,450.47,11.83
207224.43,1378,618,0.19,4680.32,1651,0.16,7.15,0.7,9,100,467.3,11.83
116276.24,1537,464,0.15,4434.53,1214,0.39,10.4,1.1,9,100,445.15,11.83
70148.49,1892,517,0.22,2449.06,1764,0.2,9.57,0.2,9,100,452.19,11.83
158410.5,1998,283,0.33,3546.84,1887,0.24,9.66,0.9,9,100,456.12,11.83
82138.11,1690,788,0.14,5557.41,1712,0.22,10.71,0.3,9,100,413.34,11.83
145839.87,1252,556,0.48,3858.53,1260,0.27,10.24,1.0,9,100,421.57,11.83
122309.9,1729,504,0.49,6705.04,1723,0.35,8.71,0.8,9,100,473.79,11.83
93894.79,1142,458,0.44,4772.84,1223,0.28,10.63,0.6,9,100,437.5,11.83
132981.81,1773,443,0.13,6219.9,1116,0.3,7.27,0.7,9,100,415.13,11.83
141230.73,1598,741,0.29,2907.14,1150,0.36,8.63,1.0,9,100,412.48,11.83
52899.35,1529,717,0.08,5256.68,1626,0.3,10.91,0.2,9,100,434.49,11.83
171368.06,1747,649,0.41,4021.41,1906,0.16,7.68,0.5,9,100,444.62,11.83
63285.04,1480,539,0.44,6077.13,1912,0.29,8.3,0.2,9,100,412.97,11.83
72687.0,1249,595,0.18,3724.44,1125,0.39,10.02,0.5,9,100,469.41,11.83
113530.68,1058,489,0.47,4872.52,1424,0.17,8.88,0.4,9,100,451.0,11.83
105937.23,1404,440,0.11,3160.45,1666,0.29,10.94,0.7,9,100,417.35,11.83
157670.57,1063,268,0.47,1383.63,1515,0.17,10.42,1.0,9,100,414.15,11.83
74470.93,1215,404,0.07,4170.12,1865,0.4,10.51,0.5,9,100,416.04,11.83
169417.45,1323,621,0.05,2508.33,1596,0.25,8.86,1.0,9,100,465.0,11.83
221585.17,1097,708,0.05,2322.82,1446,0.15,9.07,1.1,9,100,507.05,11.83
206666.4,1963,365,0.17,2261.0,1965,0.12,7.12,1.0,9,100,454.99,11.83
83598.0,1764,583,0.06,6274.39,1879,0.21,10.59,0.3,9,100,443.44,11.83
189079.97,1636,587,0.33,1790.88,1316,0.21,10.18,1.1,9,100,536.07,11.83
174216.85,1434,571,0.34,3388.77,1548,0.24,7.43,0.8,9,100,415.46,11.83
103311.35,1973,653,0.31,2132.17,1537,0.32,7.19,0.4,9,100,466.33,11.83
160425.38,1988,368,0.39,1430.16,1103,0.27,8.79,1.0,9,100,514.1,11.83
151714.83,1957,796,0.12,2563.85,1770,0.33,8.39,0.9,9,100,462.71,11.83
198078.57,1798,420,0.39,2640.44,1418,0.16,10.44,0.9,9,100,451.71,11.83
120664.88,1870,432,0.15,4836.56,1494,0.38,7.46,0.8,9,100,527.11,11.83
165873.24,1666,728,0.43,1099.42,1035,0.36,8.47,1.1,9,100,443.28,11.83
174862.48,1001,657,0.3,3452.8,1824,0.16,9.47,0.7,9,100,421.26,11.83
178974.34,1707,496,0.46,5591.03,1273,0.2,7.49,0.7,9,100,433.48,11.83
151655.74,1571,606,0.35,3635.79,1585,0.22,9.84,0.8,9,100,467.27,11.83
168680.12,1847,286,0.1,2716.19,1994,0.15,10.98,1.1,9,100,436.92,11.83
160527.47,1396,298,0.4,3680.82,1453,0.11,8.49,0.6,9,100,462.23,11.83
120403.47,1345,245,0.28,4257.8,1791,0.23,10.11,0.9,9,100,503.82,11.83
165793.82,1691,247,0.49,2231.04,1136,0.11,8.06,0.5,9,100,440.93,11.83
132847.75,1487,304,0.3,5395.18,1940,0.24,7.73,0.6,9,100,469.96,11.83
120829.64,1188,473,0.16,1590.67,1816,0.36,10.33,1.0,9,100,465.67,11.83
115791.94,1906,603,0.11,5110.43,1753,0.38,9.42,0.8,9,100,417.51,11.83
83880.4,1948,481,0.38,6414.35,1258,0.3,8.67,0.4,9,100,481.46,11.83
127181.9,1309,638,0.45,2977.08,1567,0.25,8.57,0.6,9,100,467.11,11.83
122006.38,1542,385,0.42,3782.14,1708,0.31,10.84,0.9,9,100,417.67,11.83
153061.13,1520,416,0.06,5911.63,1740,0.13,8.82,0.6,9,100,491.31,11.83
124464.02,1079,559,0.04,1053.98,1290,0.38,8.24,0.9,9,100,423.89,11.83
253315.73,1605,673,0.12,1258.72,1972,0.17,9.35,1.1,9,100,415.71,11.83
73701.99,1190,315,0.13,6526.5,1161,0.27,7.24,0.3,9,100,468.03,11.83
137662.24,1831,229,0.27,4932.79,1836,0.32,7.05,0.8,9,100,459.96,11.83
82084.31,1937,679,0.19,2854.07,1189,0.35,8.15,0.4,9,100,462.21,11.83
67063.64,1807,767,0.22,1635.88,1158,0.34,9.62,0.3,9,100,433.68,11.83
105183.88,1108,450,0.03,1150.94,1391,0.18,7.34,0.3,9,100,453.1,11.83
156539.79,1300,394,0.27,5829.93,1385,0.15,9.39,0.6,9,100,420.02,11.83
99840.17,1383,236,0.4,6483.12,1050,0.24,8.53,0.5,9,100,467.75,11.83
111126.66,1352,335,0.2,1323.32,1504,0.32,9.78,0.8,9,100,466.29,11.83
73488.24,1628,662,0.29,4336.87,1239,0.33,9.99,0.4,9,100,476.71,11.83
172596.52,1425,398,0.25,2764.36,1178,0.2,8.97,0.9,9,100,451.49,11.83
80267.78,1019,355,0.04,4399.65,1303,0.31,8.94,0.5,9,100,501.44,11.83
226297.98,1127,736,0.09,3012.14,1488,0.12,9.85,0.9,9,100,463.76,11.83
127442.12,1733,279,0.0,3252.72,1437,0.23,7.84,0.6,9,100,468.04,11.83
51857.67,1154,700,0.37,4579.44,1404,0.36,9.03,0.2,9,100,421.6,11.83
125447.22,1890,340,0.07,5157.37,1940,0.23,9.71,0.6,9,100,428.32,11.83
156515.43,1673,262,0.36,5965.16,1051,0.14,8.36,1.0,9,100,453.59,11.83
154556.29,1509,631,0.38,6002.53,1330,0.39,7.92,1.2,9,100,452.59,11.83
162754.54,1496,412,0.16,3339.9,1646,0.13,7.32,0.4,9,100,420.68,11.83
146850.5,1203,347,0.34,6790.99,1679,0.14,10.27,0.6,9,100,466.96,11.83
46306.75,1417,689,0.1,5651.4,1198,0.33,10.56,0.2,9,100,467.14,11.83
155084.56,1825,743,0.01,2063.68,1633,0.26,9.96,0.9,9,100,464.39,11.83
120366.5,1361,426,0.37,3149.13,1066,0.18,9.24,0.5,9,100,468.81,11.83
212104.86,1658,530,0.23,5729.75,1026,0.11,9.9,1.1,9,100,454.6,11.83
98853.26,1174,694,0.2,6995.15,1072,0.33,9.29,0.7,9,100,516.04,11.83
146829.87,1314,487,0.02,1963.32,1478,0.37,7.98,1.1,9,100,418.11,11.83
210262.61,1038,641,0.26,3924.25,1350,0.22,7.03,1.0,9,100,480.44,11.83
177463.44,1618,551,0.45,2189.16,1366,0.18,8.75,0.7,9,100,420.36,11.83
98167.45,1915,754,0.46,3079.23,1920,0.35,9.53,0.5,9,100,467.06,11.83
190847.02,1851,373,0.48,6320.42,1740,0.12,8.2,0.5,9,100,460.71,11.83
134466.48,1231,270,0.32,3946.74,1804,0.35,7.88,1.0,9,100,445.36,11.83
176734.26,1758,541,0.26,1908.35,1210,0.14,7.79,0.5,9,100,448.98,11.83
176936.11,1271,382,0.21,4509.82,1985,0.11,8.17,1.2,9,100,422.17,11.83
141309.94,1713,359,0.14,5005.16,1859,0.19,10.79,0.7,9,100,457.01,11.83
123210.03,1131,671,0.25,6128.03,1551,0.25,9.22,0.7,9,100,534.83,11.83
151513.49,1813,776,0.08,1694.93,1619,0.34,10.87,1.2,9,100,442.22,11.83
110544.82,1921,563,0.35,1480.06,1290,0.26,7.52,0.4,9,100,462.78,11.83
119606.45,1461,526,0.36,5021.6,1326,0.37,10.73,1.1,9,100,449.19,11.83
79889.06,1043,224,0.41,6854.19,1897,0.26,7.36,0.3,9,100,462.24,11.83
225724.4,1636,579,0.08,2749.87,1046,0.34,7.34,1.0,13,150,459.44,16.81
204629.21,1759,253,0.18,4515.88,1295,0.38,7.52,1.1,13,150,417.31,16.81
139540.59,1167,461,0.36,4034.53,1889,0.26,9.98,0.5,13,150,484.18,16.81
259076.32,1532,397,0.28,3541.34,1184,0.14,8.4,0.6,13,150,431.94,16.81
142998.78,1616,281,0.12,1765.2,1102,0.34,10.86,0.8,13,150,435.98,16.81
311133.55,1659,498,0.35,5608.71,1777,0.1,7.54,0.5,13,150,482.02,16.81
234324.34,1281,550,0.48,6968.14,1829,0.32,7.61,1.0,13,150,478.62,16.81
255788.65,1873,674,0.4,2863.09,1937,0.27,8.37,0.9,13,150,424.7,16.81
289144.65,1919,359,0.29,3828.1,1206,0.11,7.05,0.7,13,150,424.49,16.81
266451.69,1049,416,0.39,2146.43,1079,0.23,9.04,1.1,13,150,421.3,16.81
239446.62,1698,327,0.4,1939.62,1090,0.13,8.95,0.5,13,150,412.55,16.81
221651.54,1598,487,0.04,6721.13,1556,0.22,8.27,0.7,13,150,444.67,16.81
90753.15,1129,791,0.06,6404.48,1657,0.33,10.9,0.3,13,150,414.81,16.81
149163.61,1205,250,0.2,2987.94,1117,0.35,9.79,0.9,13,150,467.6,16.81
280238.24,1064,745,0.0,6778.23,1484,0.11,8.19,1.0,13,150,454.47,16.81
170274.32,1997,528,0.04,1837.85,1734,0.39,10.35,0.9,13,150,456.76,16.81
255465.24,1139,438,0.35,4826.35,1006,0.24,8.96,1.2,13,150,443.36,16.81
238113.93,1500,768,0.48,3209.48,1818,0.19,8.56,0.6,13,150,419.64,16.81
295396.46,1648,424,0.09,1322.14,1038,0.18,7.47,1.0,13,150,445.9,16.81
126044.76,1092,475,0.42,6878.61,1781,0.3,8.28,0.4,13,150,412.27,16.81
128931.45,1568,638,0.19,4601.62,1530,0.25,10.69,0.4,13,150,414.48,16.81
259009.07,1369,530,0.02,4311.14,1761,0.15,8.13,0.6,13,150,414.56,16.81
191877.31,1901,756,0.38,4144.66,1598,0.29,10.3,0.8,13,150,451.69,16.81
88111.19,1604,457,0.25,5488.02,1800,0.29,7.99,0.2,13,150,415.48,16.81
125449.09,1585,322,0.27,3690.15,1144,0.29,7.79,0.4,13,150,437.94,16.81
144502.65,1769,338,0.11,6247.76,1198,0.26,7.01,0.4,13,150,471.06,16.81
121103.16,1028,572,0.23,5625.03,1927,0.23,9.1,0.3,13,150,419.5,16.81
447018.78,1036,684,0.3,1691.64,1496,0.12,7.3,1.1,13,150,477.76,16.81
165787.52,1987,449,0.24,5900.97,1018,0.11,10.52,0.3,13,150,460.4,16.81
175839.27,1335,409,0.13,6917.37,1419,0.28,9.68,0.8,13,150,448.81,16.81
204841.08,1438,778,0.12,2679.86,1582,0.39,7.24,0.9,13,150,462.21,16.81
440338.01,1865,565,0.47,3902.6,1643,0.16,7.38,1.2,13,150,443.6,16.81
274946.49,1575,719,0.32,1001.8,1867,0.12,7.87,0.4,13,150,421.52,16.81
380754.36,1081,556,0.28,1627.72,1849,0.12,10.72,1.1,13,150,418.21,16.81
86862.7,1725,315,0.16,2694.86,1662,0.25,8.66,0.2,13,150,472.53,16.81
100049.32,1054,710,0.47,5049.48,1743,0.35,9.21,0.3,13,150,437.74,16.81
257750.13,1422,506,0.22,4381.85,1873,0.27,8.56,1.1,13,150,470.01,16.81
157257.25,1716,298,0.45,2839.04,1688,0.24,9.17,0.5,13,150,459.21,16.81
226587.92,1895,749,0.11,1136.8,1139,0.15,7.76,0.4,13,150,455.16,16.81
276638.43,1350,668,0.49,5004.05,1279,0.22,7.15,0.8,13,150,431.58,16.81
196675.22,1688,522,0.34,1968.71,1382,0.31,9.29,0.9,13,150,474.16,16.81
262662.6,1514,597,0.03,5207.54,1988,0.13,9.6,0.6,13,150,458.2,16.81
153576.64,1301,263,0.3,5553.87,1517,0.27,7.68,0.5,13,150,422.27,16.81
251103.63,1403,390,0.17,2287.34,1960,0.13,8.9,1.0,13,150,503.54,16.81
163079.5,1107,800,0.26,3472.1,1319,0.31,9.44,0.7,13,150,414.12,16.81
219552.7,1381,586,0.03,5827.51,1751,0.15,10.65,0.6,13,150,423.98,16.81
296828.53,1961,643,0.44,5275.21,1228,0.19,9.68,1.0,13,150,462.63,16.81
169380.85,1836,279,0.13,5421.51,1911,0.22,7.19,0.4,13,150,471.03,16.81
226395.73,1071,513,0.46,2498.78,1259,0.15,8.03,0.5,13,150,467.89,16.81
138353.48,1177,393,0.14,4714.1,1164,0.32,10.11,0.7,13,150,423.62,16.81
320346.39,1543,699,0.06,3064.77,1944,0.18,9.85,1.1,13,150,475.01,16.81
83668.89,1216,619,0.33,5721.38,1694,0.34,7.82,0.2,13,150,469.05,16.81
129464.33,1265,702,0.21,5742.26,1263,0.36,9.73,0.6,13,150,464.7,16.81
83282.07,1811,371,0.16,1249.92,1085,0.2,10.48,0.2,13,150,415.48,16.81
221511.97,1936,271,0.09,2578.0,1397,0.28,7.89,0.9,13,150,419.12,16.81
337192.87,1116,380,0.41,1181.73,1999,0.12,10.94,1.1,13,150,416.56,16.81
177147.09,1148,612,0.31,5348.5,1432,0.16,8.49,0.4,13,150,481.32,16.81
182363.64,1526,230,0.25,2129.23,1500,0.38,8.64,1.1,13,150,448.06,16.81
142525.99,1300,627,0.2,1381.12,1059,0.26,7.92,0.4,13,150,468.39,16.81
150723.63,1250,292,0.33,3348.15,1342,0.37,9.01,0.8,13,150,423.03,16.81
134382.54,1417,648,0.24,1579.27,1704,0.36,9.34,0.5,13,150,476.94,16.81
157276.87,1315,289,0.44,6591.46,1720,0.36,10.16,0.9,13,150,467.56,16.81
87075.79,1489,404,0.05,4753.43,1575,0.25,8.72,0.2,13,150,463.18,16.81
141161.3,1709,344,0.37,2076.12,1322,0.14,10.8,0.3,13,150,450.65,16.81
121163.12,1672,226,0.22,3330.58,1215,0.36,8.48,0.5,13,150,415.79,16.81
159307.82,1273,375,0.49,3801.87,1124,0.23,9.92,0.6,13,150,464.07,16.81
251147.27,1324,694,0.15,3750.41,1798,0.16,9.93,0.7,13,150,425.13,16.81
137846.01,1356,432,0.45,6149.02,1063,0.19,7.4,0.3,13,150,478.21,16.81
165793.68,1941,686,0.01,3626.98,1542,0.3,10.58,0.7,13,150,469.48,16.81
210538.57,1475,775,0.38,6176.72,1462,0.39,9.15,1.2,13,150,412.89,16.81
137987.79,1749,304,0.1,4866.17,1601,0.35,8.76,0.6,13,150,507.11,16.81
211411.02,1887,537,0.34,6562.78,1286,0.31,10.06,1.1,13,150,461.78,16.81
168621.92,1020,310,0.07,3150.99,1304,0.32,10.14,1.0,13,150,414.68,16.81
169346.23,1823,468,0.23,6046.69,1240,0.35,9.47,0.9,13,150,509.87,16.81
147867.26,1778,261,0.18,3952.83,1903,0.25,9.83,0.5,13,150,464.57,16.81
87504.78,1502,356,0.43,2882.7,1544,0.34,9.53,0.3,13,150,471.5,16.81
155636.35,1307,264,0.48,5278.63,1323,0.39,8.04,0.8,13,150,462.8,16.81
221984.63,1279,308,0.34,5860.88,1771,0.22,8.45,1.0,13,150,445.16,16.81
176810.22,1938,417,0.42,1625.67,1695,0.25,8.36,0.5,13,150,419.53,16.81
136063.67,1336,322,0.37,6583.33,1615,0.27,7.57,0.4,13,150,461.2,16.81
65965.63,1709,473,0.18,4017.07,1255,0.4,8.1,0.2,13,150,467.62,16.81
196629.83,1876,641,0.09,4614.19,1559,0.29,9.07,0.8,13,150,476.69,16.81
214686.95,1314,735,0.13,5205.84,1738,0.13,8.85,0.4,13,150,416.68,16.81
228719.56,1410,768,0.14,3129.47,1883,0.23,7.94,0.7,13,150,515.32,16.81
255350.75,1977,274,0.21,3487.12,1131,0.11,8.14,0.9,13,150,419.24,16.81
166971.65,1486,255,0.37,4740.07,1875,0.38,10.34,1.0,13,150,441.18,16.81
65255.42,1295,451,0.08,5492.4,1073,0.38,7.89,0.2,13,150,414.11,16.81
267366.83,1369,793,0.34,3648.83,1038,0.19,9.7,0.9,13,150,414.42,16.81
307711.05,1967,633,0.29,6337.36,1261,0.11,9.33,0.6,13,150,470.66,16.81
121317.12,1093,662,0.25,2643.15,1189,0.3,10.67,0.5,13,150,453.17,16.81
242840.44,1052,797,0.39,6530.24,1380,0.12,9.29,0.5,13,150,468.57,16.81
93944.83,1262,678,0.15,4831.98,1403,0.23,8.99,0.2,13,150,435.27,16.81
287837.01,1164,426,0.35,1378.41,1810,0.19,10.71,1.1,13,150,422.14,16.81
197290.65,1835,489,0.27,2373.78,1356,0.26,7.56,0.6,13,150,412.64,16.81
156040.06,1860,313,0.32,2550.33,1750,0.39,9.79,0.8,13,150,412.96,16.81
81858.69,1690,316,0.01,4483.45,1151,0.33,9.38,0.3,13,150,469.67,16.81
124837.18,1729,737,0.02,4404.51,1305,0.26,10.3,0.4,13,150,440.94,16.81
147005.18,1104,297,0.33,5924.39,1370,0.21,10.0,0.5,13,150,431.48,16.81
290969.91,1120,552,0.24,3575.36,1646,0.26,7.14,1.1,13,150,459.48,16.81
227009.87,1785,337,0.19,4465.67,1579,0.33,7.88,1.2,13,150,471.6,16.81
179010.13,1414,285,0.31,3630.81,1620,0.34,10.44,0.7,16,200,456.32,21.68
398622.94,1942,595,0.41,1996.18,1124,0.1,10.81,0.6,16,200,466.51,21.68
202852.68,1793,706,0.33,3770.4,1558,0.38,8.31,0.6,16,200,438.47,21.68
109180.9,1846,687,0.19,3644.01,1368,0.29,9.1,0.2,16,200,476.13,21.68
310471.38,1112,503,0.43,5845.79,1435,0.13,8.72,0.5,16,200,458.64,21.68
169423.24,1441,698,0.3,5866.73,1563,0.24,10.64,0.4,16,200,475.1,21.68
205072.72,1291,656,0.09,6850.47,1787,0.27,9.91,0.6,16,200,458.58,21.68
276926.52,1106,349,0.02,4432.67,1873,0.11,9.58,1.1,16,200,432.31,21.68
291537.2,1933,528,0.37,2237.66,1014,0.24,8.93,0.8,16,200,461.01,21.68
295926.82,1317,454,0.31,5546.72,1805,0.19,10.37,0.8,16,200,486.13,21.68
167710.56,1672,429,0.04,3253.99,1602,0.26,9.45,0.4,16,200,487.33,21.68
331835.35,1195,709,0.29,4568.3,1815,0.12,7.41,0.4,16,200,451.68,21.68
484178.37,1989,541,0.38,4264.36,1926,0.17,7.37,1.0,16,200,481.63,21.68
273790.93,1927,735,0.47,2150.29,1996,0.36,9.16,0.9,16,200,478.21,21.68
369065.84,1499,766,0.15,6928.47,1095,0.23,8.98,1.1,16,200,414.97,21.68
218231.43,1534,494,0.04,3434.67,1036,0.37,10.29,1.0,16,200,415.28,21.68
209513.1,1954,378,0.26,2902.11,1652,0.14,9.95,0.3,16,200,413.61,21.68
128833.65,1457,582,0.09,2619.11,1284,0.33,8.46,0.3,16,200,468.32,21.68
434896.2,1549,408,0.48,2426.53,1154,0.16,8.26,1.0,16,200,466.67,21.68
193808.86,1829,337,0.27,4539.34,1548,0.32,10.51,0.7,16,200,459.11,21.68
260124.59,1426,396,0.1,4756.13,1526,0.29,9.76,1.0,16,200,469.55,21.68
218499.29,1764,646,0.39,5690.25,1716,0.35,7.35,0.6,16,200,508.19,21.68
213187.17,1734,628,0.08,3086.39,1759,0.23,10.33,0.5,16,200,414.62,21.68
169148.19,1354,765,0.32,5577.44,1237,0.18,10.59,0.3,16,200,426.17,21.68
229620.56,1183,261,0.38,4671.43,1134,0.24,9.5,0.8,16,200,493.86,21.68
280212.44,1531,519,0.08,4787.35,1553,0.22,8.83,0.7,16,200,412.12,21.68
211134.96,1389,765,0.16,1942.0,1134,0.37,7.97,0.7,16,200,534.0,21.68
109581.82,1988,357,0.37,5449.21,1240,0.4,10.55,0.4,16,200,417.3,21.68
250866.09,1446,367,0.09,4335.66,1717,0.26,10.6,1.1,16,200,542.16,21.68
284745.98,1570,297,0.32,3471.1,1694,0.31,7.75,0.9,16,200,424.2,21.68
271498.37,1423,415,0.04,1443.31,1318,0.33,7.6,0.9,16,200,420.8,21.68
157965.81,1510,459,0.28,5590.51,1660,0.39,8.99,0.5,16,200,412.55,21.68
285533.26,1695,390,0.43,2923.5,1264,0.3,9.97,1.1,16,200,412.94,21.68
332627.08,1467,660,0.1,6617.44,1848,0.25,9.59,1.1,16,200,459.75,21.68
440641.27,1943,531,0.27,5927.82,1875,0.17,7.31,1.0,16,200,456.85,21.68
199023.11,1646,505,0.17,4180.4,1044,0.36,8.33,0.7,16,200,474.29,21.68
154592.39,1287,638,0.47,5381.56,1497,0.3,10.23,0.4,16,200,467.24,21.68
343871.74,1852,781,0.48,6546.61,1430,0.15,9.12,0.6,16,200,449.05,21.68
316639.44,1356,712,0.3,3241.4,1481,0.2,8.23,0.7,16,200,469.47,21.68
275299.79,1333,551,0.18,2256.17,1034,0.2,10.49,0.8,16,200,478.38,21.68
215342.94,1788,524,0.09,2365.22,1928,0.18,7.85,0.3,16,200,419.42,21.68
151439.2,1205,665,0.4,2296.57,1834,0.23,7.92,0.2,16,200,436.32,21.68
175065.11,1771,379,0.3,2564.07,1588,0.22,8.14,0.3,16,200,448.8,21.68
353934.54,1666,795,0.49,1682.1,1937,0.25,9.01,0.9,16,200,448.96,21.68
167151.86,1390,598,0.35,4044.64,1213,0.2,9.35,0.3,16,200,420.69,21.68
287081.56,1255,785,0.26,3422.9,1593,0.29,9.44,1.0,16,200,458.12,21.68
141383.86,1003,473,0.15,5625.57,1677,0.17,8.72,0.2,16,200,469.48,21.68
290089.39,1433,427,0.24,5793.0,1787,0.19,8.29,0.6,16,200,415.77,21.68
222246.04,1131,538,0.39,6305.6,1757,0.37,7.92,0.8,16,200,507.42,21.68
244560.79,1796,237,0.05,2509.34,1179,0.16,10.96,0.9,16,200,467.68,21.68
319853.1,1460,448,0.41,6749.51,1548,0.13,7.04,0.4,16,200,423.3,21.68
206278.17,1816,576,0.01,6915.28,1602,0.28,8.11,0.5,16,200,481.38,21.68
447972.35,1295,693,0.16,4371.49,1768,0.12,7.14,0.7,16,200,436.54,21.68
542236.72,1143,759,0.44,3341.84,1364,0.13,9.93,1.1,16,200,416.1,21.68
239305.01,1086,719,0.14,1520.08,1869,0.34,7.71,0.7,16,200,488.58,21.68
213901.9,1751,497,0.11,6766.49,1087,0.32,7.32,0.6,16,200,451.9,21.68
157565.2,1013,372,0.39,2731.35,1092,0.12,8.91,0.2,16,200,503.07,21.68
247916.02,1228,337,0.11,5689.59,1244,0.18,7.21,0.5,16,200,431.67,21.68
116412.72,1246,326,0.38,6340.8,1110,0.37,9.9,0.4,16,200,451.64,21.68
161326.96,1956,476,0.31,3957.05,1525,0.16,8.44,0.2,16,200,469.99,21.68
281805.04,1803,697,0.19,4149.96,1152,0.32,9.66,1.1,16,200,454.11,21.68
267315.27,1374,298,0.42,5291.37,1343,0.16,10.44,0.6,16,200,413.74,21.68
145459.76,1172,290,0.22,6243.77,1993,0.35,10.39,0.5,16,200,467.39,21.68
158186.28,1050,232,0.43,4650.07,1634,0.15,7.51,0.2,16,200,460.39,21.68
166492.98,1192,715,0.2,4483.46,1666,0.39,8.55,0.5,16,200,438.9,21.68
262561.49,1035,363,0.12,2778.67,1357,0.25,7.09,0.7,16,200,424.89,21.68
207967.55,1154,400,0.02,6404.1,1330,0.33,10.33,0.9,16,200,415.41,21.68
183431.29,1842,569,0.19,1787.05,1508,0.33,10.82,0.6,16,200,502.43,21.68
216591.22,1062,339,0.25,5863.0,1071,0.35,8.49,0.9,16,200,452.77,21.68
104932.25,1029,751,0.14,1369.01,1289,0.34,10.25,0.2,16,200,468.98,21.68
227373.45,1499,435,0.18,4089.68,1958,0.11,10.69,0.3,16,200,418.55,21.68
187938.26,1403,673,0.33,4574.19,1730,0.35,9.61,0.6,16,200,430.07,21.68
260831.75,1923,424,0.36,5119.09,1385,0.34,9.17,1.0,16,200,451.29,21.68
312636.75,1127,507,0.02,3129.28,1069,0.19,9.24,0.9,16,200,427.43,21.68
221545.22,1679,270,0.45,3094.37,1304,0.24,7.55,0.5,16,200,475.33,21.68
296368.85,1738,630,0.26,6869.31,1473,0.24,9.83,0.9,16,200,441.33,21.68
233699.42,1314,454,0.29,3727.79,1058,0.26,9.54,0.8,16,200,535.96,21.68
257207.51,1622,744,0.44,1768.01,1571,0.11,10.45,0.3,16,200,467.26,21.68
213521.82,1976,312,0.12,5552.36,1917,0.28,8.01,0.5,16,200,431.74,21.68
115779.38,1269,436,0.07,6214.55,1142,0.27,10.73,0.3,16,200,451.47,21.68
227125.44,1746,774,0.15,1105.09,1816,0.3,10.3,0.6,16,200,461.35,21.68
316620.66,1937,652,0.13,2100.54,1295,0.32,7.8,1.0,16,200,446.48,21.68
211030.76,1116,408,0.35,4935.36,1745,0.36,10.07,0.9,16,200,413.14,21.68
137121.2,1969,329,0.03,2857.01,1187,0.29,7.8,0.3,16,200,510.51,21.68
270510.03,1716,306,0.34,3337.41,1278,0.23,7.42,0.6,16,200,419.57,21.68
371060.22,1690,552,0.2,6096.16,1464,0.11,8.37,0.5,16,200,465.6,21.68
261914.85,1999,586,0.31,3167.4,1735,0.27,10.1,0.8,16,200,452.83,21.68
383377.07,1273,403,0.36,2411.88,1398,0.14,7.47,0.8,16,200,429.05,21.68
257613.64,1896,582,0.22,2665.96,1890,0.37,7.62,0.8,16,200,453.22,21.68
139444.47,1573,267,0.46,3869.2,1700,0.34,9.44,0.4,16,200,435.8,21.68
310239.81,1581,466,0.05,5079.42,1986,0.21,10.87,1.2,16,200,503.88,21.68
149871.05,1760,595,0.24,1598.01,1443,0.38,8.66,0.4,16,200,418.99,21.68
235453.25,1418,280,0.45,6133.35,1779,0.25,10.95,0.8,16,200,451.71,21.68
281262.55,1616,565,0.06,4448.45,1941,0.38,8.42,1.1,16,200,417.53,21.68
379036.64,1105,345,0.49,2865.39,1567,0.11,9.06,1.2,16,200,430.98,21.68
191113.84,1727,543,0.37,3601.53,1908,0.39,8.64,0.6,16,200,472.93,21.68
278223.63,1304,351,0.25,4992.89,1229,0.27,9.13,1.1,16,200,449.97,21.68
442029.78,1875,649,0.01,6012.39,1965,0.1,8.94,1.0,16,200,445.65,21.68
357571.26,1601,789,0.23,2454.14,1801,0.22,9.8,1.0,16,200,453.73,21.68
195777.74,1546,670,0.21,1136.58,1258,0.22,10.15,0.4,16,200,476.47,21.68
233434.61,1066,295,0.47,6095.59,1693,0.23,9.86,0.5,20,250,448.77,26.48
117785.14,1769,445,0.25,5352.89,1493,0.27,10.68,0.2,20,250,461.65,26.48
236347.86,1276,662,0.46,5274.56,1065,0.26,9.28,0.5,20,250,451.67,26.48
139038.59,1413,708,0.25,6721.66,1527,0.36,10.46,0.3,20,250,469.51,26.48
217702.24,1951,658,0.29,3740.62,1027,0.24,7.31,0.3,20,250,439.52,26.48
213414.6,1448,507,0.18,2041.52,1079,0.18,9.04,0.3,20,250,470.94,26.48
197266.97,1250,267,0.27,4857.33,1294,0.33,10.05,0.6,20,250,459.14,26.48
482752.27,1303,616,0.44,1338.39,1421,0.13,8.77,0.6,20,250,424.04,26.48
242392.85,1450,612,0.01,5656.17,1856,0.13,7.84,0.2,20,250,416.04,26.48
231717.22,1567,715,0.23,1457.74,1502,0.32,10.31,0.5,20,250,417.82,26.48
287482.51,1731,630,0.01,5843.71,1912,0.29,9.74,0.7,20,250,431.77,26.48
319563.25,1467,771,0.43,4411.13,1541,0.14,7.11,0.3,20,250,468.26,26.48
607552.78,1604,696,0.16,3108.89,1407,0.22,7.05,1.2,20,250,433.31,26.48
197445.11,1324,633,0.14,3030.74,1872,0.39,9.28,0.5,20,250,503.95,26.48
319634.18,1709,320,0.5,3422.68,1092,0.25,7.17,0.6,20,250,448.91,26.48
259700.61,1696,569,0.1,2567.22,1813,0.22,8.67,0.4,20,250,433.9,26.48
305077.45,1107,256,0.37,6233.75,1651,0.2,9.35,0.9,20,250,455.97,26.48
213083.03,1824,302,0.32,1828.15,1243,0.21,8.03,0.3,20,250,444.2,26.48
339892.87,1524,729,0.41,1742.8,1453,0.37,8.94,1.0,20,250,431.82,26.48
218421.45,1810,307,0.42,1242.92,1600,0.23,10.28,0.4,20,250,449.82,26.48
260095.32,1210,244,0.05,3043.12,1395,0.15,8.23,0.6,20,250,461.66,26.48
293316.63,1592,647,0.34,5462.37,1969,0.32,9.46,0.8,20,250,485.18,26.48
217902.47,1501,694,0.46,5508.53,1150,0.28,8.35,0.4,20,250,466.4,26.48
362534.52,1160,483,0.06,1149.58,1310,0.24,7.16,0.7,20,250,461.81,26.48
304248.94,1335,580,0.39,4978.65,1757,0.38,9.21,1.0,20,250,423.63,26.48
192067.0,1947,774,0.11,5712.08,1600,0.21,10.95,0.3,20,250,455.24,26.48
240304.62,1663,526,0.45,3313.53,1141,0.31,9.77,0.6,20,250,417.37,26.48
334346.39,1797,341,0.41,3503.0,1375,0.26,8.83,0.8,20,250,455.54,26.48
484763.12,1178,391,0.36,1026.7,1616,0.17,8.72,0.9,20,250,530.16,26.48
273905.74,1490,604,0.38,3234.67,1187,0.22,7.35,0.4,20,250,412.88,26.48
273800.85,1543,765,0.12,2653.98,1533,0.34,7.46,0.6,20,250,480.4,26.48
381623.16,1016,372,0.49,1884.12,1840,0.33,7.81,1.1,20,250,461.22,26.48
355872.84,1919,566,0.24,4668.42,1020,0.16,10.21,0.6,20,250,423.13,26.48
316429.64,1034,376,0.24,6340.54,1204,0.32,8.39,1.1,20,250,463.74,26.48
329243.96,1118,353,0.07,6530.66,1645,0.18,8.07,1.0,20,250,413.36,26.48
415977.74,1977,433,0.17,6622.35,1256,0.19,10.2,1.1,20,250,478.24,26.48
152151.35,1726,795,0.22,1612.98,1627,0.38,7.2,0.2,20,250,463.96,26.48
248286.14,1383,686,0.32,4420.47,1333,0.35,10.5,0.8,20,250,454.33,26.48
403738.81,1901,385,0.44,5189.45,1218,0.2,9.97,0.9,20,250,467.51,26.48
305556.26,1361,413,0.19,5786.13,1234,0.28,9.89,0.9,20,250,423.96,26.48
349601.65,1007,724,0.15,4195.98,1385,0.37,7.64,1.1,20,250,448.22,26.48
284986.47,1236,231,0.13,6876.61,1680,0.22,10.1,1.1,20,250,414.91,26.48
269527.77,1615,250,0.02,4767.02,1977,0.19,10.38,0.5,20,250,460.6,26.48
248937.82,1846,262,0.11,3177.71,1668,0.19,7.41,0.3,20,250,411.93,26.48
254913.54,1426,475,0.05,2435.94,1038,0.37,10.83,1.0,20,250,447.14,26.48
189747.98,1932,792,0.18,2725.97,1165,0.14,10.89,0.2,20,250,414.81,26.48
385181.17,1633,466,0.08,4634.3,1579,0.25,9.58,1.0,20,250,433.02,26.48
216506.08,1555,362,0.42,1213.13,1925,0.39,8.42,0.5,20,250,435.1,26.48
225588.09,1315,481,0.02,4266.79,1358,0.38,10.32,0.8,20,250,458.43,26.48
216193.87,1196,426,0.07,5958.7,1366,0.12,8.55,0.2,20,250,414.05,26.48
368177.68,1433,328,0.27,6494.64,1939,0.21,7.58,0.7,20,250,432.49,26.48
414986.65,1510,575,0.17,3570.89,1909,0.33,7.49,1.1,20,250,421.49,26.48
224318.92,1091,519,0.33,3625.63,1138,0.34,10.0,0.7,20,250,416.61,26.48
368565.73,1345,778,0.21,5997.49,1991,0.26,8.08,0.8,20,250,470.4,26.48
212416.88,1392,552,0.3,5409.97,1944,0.17,10.73,0.3,20,250,508.77,26.48
182603.87,1853,757,0.48,5129.0,1088,0.39,8.31,0.4,20,250,447.12,26.48
347385.77,1578,355,0.08,6679.13,1989,0.31,7.02,1.0,20,250,469.59,26.48
644273.29,1030,681,0.26,2010.16,1463,0.12,10.56,1.2,20,250,469.13,26.48
131942.94,1402,489,0.0,1667.46,1124,0.29,7.99,0.2,20,250,442.86,26.48
161699.51,1123,336,0.34,2296.45,1732,0.2,8.69,0.2,20,250,477.68,26.48
252438.12,1537,785,0.03,4003.39,1055,0.3,10.54,0.7,20,250,458.83,26.48
359496.22,1802,597,0.26,6162.38,1861,0.31,8.85,1.0,20,250,476.13,26.48
224097.34,1076,281,0.38,3363.46,1264,0.28,11.0,0.7,20,250,469.5,26.48
307507.66,1296,309,0.28,6938.18,1417,0.28,8.15,0.8,20,250,474.45,26.48
351096.4,1284,345,0.31,2104.02,1101,0.24,8.98,0.9,20,250,476.36,26.48
701238.04,1687,677,0.36,3876.69,1724,0.11,9.01,0.9,20,250,418.08,26.48
302352.06,1186,732,0.48,2971.61,1008,0.23,10.7,0.7,20,250,416.7,26.48
201287.3,1357,321,0.39,1372.78,1341,0.38,7.7,0.5,20,250,467.63,26.48
597216.22,1226,626,0.4,6452.09,1718,0.15,7.9,1.0,20,250,437.56,26.48
324680.33,1586,557,0.09,1581.38,1289,0.26,9.61,0.8,20,250,439.93,26.48
383790.93,1714,406,0.33,5078.03,1802,0.2,8.58,0.7,20,250,460.39,26.48
354001.42,1990,513,0.35,3885.94,1119,0.15,10.88,0.6,20,250,466.71,26.48
290505.1,1651,378,0.03,3766.1,1477,0.16,8.64,0.4,20,250,451.94,26.48
557052.07,1141,598,0.29,2742.76,1777,0.1,7.73,0.6,20,250,473.9,26.48
189895.72,1881,449,0.22,3645.35,1632,0.34,8.5,0.4,20,250,427.98,26.48
324992.9,1083,436,0.47,4105.99,1821,0.12,9.71,0.4,20,250,468.43,26.48
396327.11,1871,535,0.14,6310.86,1956,0.11,8.92,0.4,20,250,447.57,26.48
401879.71,1986,458,0.04,4809.33,1195,0.24,9.53,1.1,20,250,480.39,26.48
325483.46,1257,643,0.12,6118.72,1317,0.32,9.68,1.1,20,250,473.71,26.48
336944.19,1748,591,0.16,4324.42,1172,0.3,8.48,0.9,20,250,471.01,26.48
577733.44,1155,746,0.35,6991.36,1742,0.11,10.14,0.8,20,250,425.83,26.48
242412.59,1641,460,0.43,2534.06,1048,0.4,8.16,0.7,20,250,455.51,26.48
334719.08,1964,287,0.1,3966.22,1887,0.34,7.6,0.9,20,250,479.26,26.48
407939.37,1476,530,0.28,1481.64,1559,0.27,7.53,0.9,20,250,467.12,26.48
335823.44,1138,500,0.31,2320.06,1797,0.27,7.38,0.7,20,250,458.58,26.48
199847.44,1677,399,0.49,4178.33,1439,0.35,9.51,0.5,20,250,464.15,26.48
438261.73,1891,420,0.45,5573.07,1440,0.3,8.25,1.2,20,250,448.96,26.48
231462.81,1839,667,0.23,2217.02,1565,0.18,9.84,0.3,20,250,505.36,26.48
327514.47,1781,271,0.13,4584.74,1485,0.17,10.63,0.8,20,250,465.83,26.48
198313.92,1267,279,0.15,2440.78,1766,0.29,10.77,0.5,20,250,414.13,26.48
136160.47,1040,417,0.2,2195.47,1707,0.39,9.44,0.3,20,250,413.21,26.48
508201.17,1220,740,0.21,5259.58,1898,0.16,10.43,1.0,20,250,428.45,26.48
312177.95,1057,551,0.19,6812.09,1686,0.36,9.15,1.1,20,250,460.41,26.48
494872.93,1481,499,0.06,2890.29,1786,0.1,7.77,0.9,20,250,416.95,26.48
574760.85,1629,540,0.3,1914.77,1222,0.14,7.94,0.8,20,250,469.26,26.48
244084.39,1374,227,0.04,2834.17,1588,0.35,7.26,0.6,20,250,430.43,26.48
321237.59,1778,237,0.4,1096.93,1325,0.13,9.09,0.4,20,250,451.34,26.48
521848.86,1752,651,0.2,4519.88,1515,0.17,9.4,1.1,20,250,534.49,26.48
594007.82,1870,706,0.09,4942.11,1832,0.12,9.96,1.0,20,250,416.17,26.48
210405.22,1928,749,0.37,5911.44,1276,0.36,9.2,0.5,20,250,506.49,26.48
234683.0,1381,634,0.43,4582.51,1083,0.31,10.64,0.5,24,300,462.27,31.53
364597.1,1968,722,0.32,4755.3,1813,0.34,7.84,0.7,24,300,459.37,31.53
372711.74,1138,246,0.39,4683.33,1148,0.1,7.21,0.9,24,300,467.4,31.53
548567.12,1982,370,0.32,6361.16,1491,0.14,8.03,0.9,24,300,452.71,31.53
220018.75,1745,372,0.28,6924.04,1374,0.34,10.3,0.5,24,300,460.34,31.53
483049.81,1044,592,0.42,4274.52,1782,0.26,9.4,1.1,24,300,414.0,31.53
425245.79,1918,229,0.15,2965.58,1723,0.26,7.1,1.0,24,300,428.53,31.53
403516.71,1149,499,0.16,1985.92,1670,0.35,7.91,1.0,24,300,463.97,31.53
308034.78,1548,282,0.25,1432.71,1275,0.37,9.72,0.9,24,300,430.99,31.53
218568.28,1310,432,0.35,6501.86,1700,0.19,7.8,0.2,24,300,451.39,31.53
638377.4,1945,583,0.14,1179.89,1595,0.26,7.02,1.1,24,300,464.06,31.53
345725.34,1631,318,0.45,6078.39,1645,0.37,10.47,1.1,24,300,469.27,31.53
298651.9,1613,293,0.13,6332.22,1846,0.39,8.15,0.7,24,300,431.4,31.53
389690.34,1359,555,0.43,5943.84,1286,0.28,8.29,0.8,24,300,463.91,31.53
423810.42,1514,700,0.37,2856.9,1136,0.28,8.75,0.9,24,300,467.08,31.53
539224.06,1431,535,0.4,6862.18,1636,0.17,9.18,0.8,24,300,427.37,31.53
606523.58,1896,671,0.18,2472.98,1611,0.19,10.35,1.1,24,300,414.02,31.53
433323.96,1320,542,0.36,4812.58,1016,0.18,7.95,0.6,24,300,489.58,31.53
192078.33,1126,340,0.09,2299.25,1890,0.26,7.15,0.2,24,300,445.31,31.53
224316.28,1188,461,0.08,3020.04,1224,0.35,10.93,0.6,24,300,467.09,31.53
359472.79,1653,642,0.0,5637.75,1808,0.4,9.06,1.0,24,300,441.24,31.53
288372.93,1800,689,0.16,5844.49,1057,0.29,8.22,0.5,24,300,458.45,31.53
445566.92,1008,745,0.46,1074.44,1391,0.13,10.82,0.5,24,300,463.13,31.53
256219.46,1760,572,0.22,4506.74,1936,0.27,7.41,0.3,24,300,471.24,31.53
194076.71,1672,492,0.07,5155.0,1359,0.29,8.82,0.3,24,300,415.93,31.53
276138.89,1161,258,0.03,6604.89,1196,0.14,10.98,0.4,24,300,467.25,31.53
321614.42,1667,272,0.35,4119.88,1899,0.3,10.61,0.8,24,300,466.75,31.53
269271.11,1926,657,0.25,6455.51,1673,0.37,8.17,0.5,24,300,465.72,31.53
302023.81,1340,674,0.3,4183.73,1688,0.3,9.45,0.6,24,300,430.52,31.53
451772.66,1057,255,0.5,1190.95,1511,0.15,7.25,1.1,24,300,462.17,31.53
544477.56,1819,707,0.45,6115.44,1876,0.27,9.27,1.2,24,300,448.92,31.53
538653.62,1952,548,0.22,4413.78,1471,0.18,8.98,0.8,24,300,431.47,31.53
405809.13,1245,380,0.21,6039.1,1743,0.27,8.91,1.0,24,300,474.25,31.53
584025.95,1886,313,0.44,1624.41,1034,0.2,8.42,1.1,24,300,423.9,31.53
576572.33,1591,725,0.06,5031.33,1912,0.15,9.57,0.8,24,300,480.54,31.53
329911.11,1602,752,0.24,2216.59,1565,0.3,7.56,0.5,24,300,418.16,31.53
271035.76,1461,326,0.01,2141.35,1403,0.32,10.36,0.7,24,300,469.15,31.53
439500.93,1089,353,0.48,5330.78,1775,0.16,9.08,0.6,24,300,449.03,31.53
309385.45,1291,519,0.02,1753.44,1535,0.39,10.8,1.0,24,300,467.75,31.53
432045.03,1877,361,0.31,3831.86,1469,0.21,8.76,0.7,24,300,450.26,31.53
209465.81,1346,338,0.12,5524.7,1767,0.31,9.92,0.4,24,300,467.58,31.53
795276.88,1683,718,0.41,5592.2,1387,0.13,8.25,0.9,24,300,459.22,31.53
421448.3,1458,389,0.13,2733.25,1239,0.18,7.99,0.6,24,300,480.28,31.53
206414.66,1866,456,0.41,6806.74,1927,0.24,7.28,0.2,24,300,461.92,31.53
245838.88,1400,510,0.33,3576.82,1419,0.39,9.3,0.6,24,300,459.24,31.53
609918.34,1268,600,0.28,5865.05,1171,0.11,7.05,1.0,24,300,469.66,31.53
256922.41,1838,568,0.34,4868.28,1553,0.34,9.16,0.5,24,300,423.96,31.53
427831.03,1753,290,0.17,4948.89,1799,0.32,7.53,1.0,24,300,437.48,31.53
337473.15,1096,683,0.47,2422.62,1158,0.38,10.86,1.1,24,300,473.07,31.53
450958.54,1938,468,0.02,5123.55,1962,0.31,7.34,0.9,24,300,474.95,31.53
217854.51,1525,324,0.38,4355.63,1457,0.32,8.95,0.4,24,300,412.26,31.53
396424.79,1694,621,0.04,1596.67,1994,0.38,10.09,1.1,24,300,417.21,31.53
646470.3,1013,774,0.12,3800.54,1626,0.14,10.27,1.0,24,300,418.46,31.53
265455.05,1710,239,0.17,6194.42,1334,0.23,8.54,0.4,24,300,467.33,31.53
552673.88,1705,348,0.47,6540.58,1043,0.15,8.33,0.9,24,300,451.1,31.53
361219.82,1276,303,0.1,4169.04,1984,0.25,8.1,0.9,24,300,472.46,31.53
386342.85,1300,500,0.33,3108.71,1363,0.25,9.34,0.8,24,300,454.62,31.53
391443.71,1732,768,0.31,2517.79,1504,0.17,7.47,0.4,24,300,536.47,31.53
257833.34,1283,406,0.14,4431.78,1530,0.35,7.62,0.5,24,300,421.59,31.53
286615.39,1538,415,0.2,3052.94,1835,0.2,10.16,0.4,24,300,418.69,31.53
207397.52,1483,514,0.49,2092.49,1442,0.36,7.39,0.3,24,300,464.6,31.53
520672.41,1973,765,0.15,4631.12,1305,0.15,8.63,0.6,24,300,416.26,31.53
203202.36,1575,560,0.03,4059.93,1078,0.29,10.74,0.4,24,300,423.98,31.53
236593.33,1420,428,0.2,2669.94,1868,0.33,10.55,0.5,24,300,451.47,31.53
458437.05,1428,799,0.23,6262.13,1609,0.19,7.85,0.6,24,300,430.87,31.53
333951.96,1395,646,0.27,2063.61,1755,0.24,10.59,0.6,24,300,423.11,31.53
361343.42,1491,480,0.42,3217.02,1902,0.29,8.71,0.7,24,300,431.85,31.53
664361.34,1825,788,0.39,6966.64,1702,0.13,8.36,0.7,24,300,467.3,31.53
723304.13,1726,781,0.21,1369.34,1268,0.13,9.85,0.9,24,300,444.09,31.53
420794.28,1780,740,0.46,1355.02,1004,0.27,10.91,0.9,24,300,431.49,31.53
411460.78,1584,358,0.4,1701.2,1825,0.11,7.75,0.3,24,300,468.78,31.53
250247.07,1805,448,0.18,1042.83,1093,0.2,9.49,0.3,24,300,462.57,31.53
352167.48,1079,483,0.11,3322.56,1068,0.25,9.77,0.8,24,300,449.45,31.53
549373.51,1569,436,0.38,1805.92,1856,0.12,9.91,0.6,24,300,414.88,31.53
373852.89,1625,409,0.26,1493.26,1310,0.35,7.17,0.8,24,300,469.23,31.53
276139.31,1232,398,0.05,5432.7,1165,0.24,9.0,0.5,24,300,460.66,31.53
138107.21,1841,651,0.19,3700.97,1739,0.37,10.42,0.2,24,300,446.43,31.53
228154.27,1640,523,0.29,6704.38,1323,0.21,9.83,0.3,24,300,466.48,31.53
185362.4,1159,694,0.36,5761.38,1025,0.18,10.02,0.2,24,300,502.17,31.53
620216.62,1106,711,0.24,5304.52,1124,0.1,10.52,0.7,24,300,417.22,31.53
379344.62,1503,665,0.27,2565.44,1350,0.16,8.04,0.4,24,300,467.07,31.53
285057.12,1776,278,0.23,2372.93,1102,0.21,8.47,0.4,24,300,449.06,31.53
118744.1,1370,424,0.07,3672.78,1425,0.39,9.64,0.2,24,300,424.55,31.53
322602.97,1069,390,0.08,5723.57,1439,0.33,7.5,0.7,24,300,423.79,31.53
183942.44,1552,612,0.19,1865.59,1657,0.22,10.18,0.2,24,300,452.48,31.53
323466.07,1996,224,0.48,3594.42,1714,0.16,7.65,0.3,24,300,451.08,31.53
188662.6,1478,475,0.29,3363.08,1485,0.36,7.7,0.3,24,300,468.97,31.53
387512.67,1116,732,0.05,3931.5,1949,0.22,9.97,0.7,24,300,424.18,31.53
704955.66,1448,605,0.34,3990.8,1209,0.11,9.23,1.2,24,300,464.0,31.53
554854.88,1254,617,0.04,3473.31,1118,0.12,8.86,1.1,24,300,465.83,31.53
438277.2,1214,755,0.11,1946.74,1586,0.31,8.57,1.0,24,300,424.37,31.53
333028.45,1192,242,0.26,3409.38,1257,0.23,10.04,0.8,24,300,418.61,31.53
291744.8,1179,265,0.01,2776.12,1188,0.23,10.22,0.8,24,300,465.43,31.53
219853.16,1853,588,0.49,5244.04,1240,0.36,8.51,0.4,24,300,469.43,31.53
380627.59,1225,576,0.37,1274.65,1971,0.33,10.68,1.0,24,300,454.18,31.53
712781.93,1026,789,0.3,5492.62,1572,0.17,8.68,1.2,24,300,466.62,31.53
425053.02,1361,628,0.06,2876.05,1957,0.21,9.4,0.7,24,300,415.12,31.53
339954.18,1904,529,0.1,6688.75,1549,0.12,9.7,0.3,24,300,439.54,31.53
333003.55,1033,306,0.44,4997.5,1212,0.38,9.62,1.1,24,300,412.5,31.53
213813.92,1207,443,0.09,3223.65,1294,0.22,9.55,0.3,24,300,468.6,31.53
417772.4,1505,258,0.01,2735.78,1723,0.23,9.67,1.0,27,350,455.91,36.28
432164.49,1695,523,0.21,5439.89,1191,0.32,10.01,1.0,27,350,420.05,36.28
188758.78,1282,404,0.0,4672.68,1258,0.39,10.85,0.4,27,350,429.63,36.28
532747.09,1139,266,0.43,1116.11,1712,0.19,7.4,1.1,27,350,448.88,36.28
175329.3,1789,399,0.12,1789.5,1037,0.35,9.84,0.3,27,350,434.5,36.28
403377.67,1521,468,0.44,2433.38,1955,0.34,9.37,0.8,27,350,426.96,36.28
259275.97,1532,589,0.29,6940.03,1139,0.26,10.67,0.4,27,350,467.61,36.28
213678.2,1562,444,0.25,3171.06,1087,0.23,7.6,0.2,27,350,495.03,36.28
551174.07,1719,549,0.32,3276.77,1358,0.25,8.27,0.9,27,350,467.89,36.28
608771.19,1410,371,0.23,2169.45,1985,0.1,9.8,1.1,27,350,458.29,36.28
864929.86,1911,603,0.41,2653.15,1879,0.21,7.22,1.1,27,350,445.12,36.28
343678.29,1205,629,0.26,4558.21,1514,0.2,8.58,0.4,27,350,507.57,36.28
256800.19,1293,420,0.02,1776.69,1306,0.3,9.03,0.4,27,350,460.91,36.28
375737.2,1821,348,0.14,1705.7,1141,0.11,10.13,0.3,27,350,475.06,36.28
397056.47,1492,669,0.27,3995.84,1913,0.19,8.64,0.4,27,350,413.16,36.28
354514.3,1621,394,0.39,1992.43,1326,0.25,10.35,0.6,27,350,459.12,36.28
643383.92,1425,354,0.45,2855.15,1810,0.16,9.45,1.2,27,350,471.48,36.28
746146.59,1045,769,0.16,5970.25,1899,0.14,9.32,1.2,27,350,455.73,36.28
406939.9,1216,662,0.07,6867.25,1312,0.16,10.04,0.5,27,350,471.19,36.28
370252.53,1102,453,0.17,3402.73,1566,0.29,10.16,0.8,27,350,467.01,36.28
752860.5,1485,791,0.33,3781.93,1670,0.14,8.97,0.8,27,350,459.09,36.28
169020.81,1365,243,0.31,5882.88,1169,0.28,8.03,0.2,27,350,420.71,36.28
428973.62,1115,310,0.25,4269.92,1585,0.33,8.55,1.1,27,350,458.01,36.28
402112.96,1247,300,0.19,6777.15,1480,0.22,8.69,0.7,27,350,467.23,36.28
466917.1,1371,290,0.35,6560.96,1009,0.12,7.26,0.7,27,350,469.95,36.28
595816.29,1645,356,0.34,1642.79,1701,0.26,8.91,1.1,27,350,430.76,36.28
623623.67,1333,776,0.5,2561.9,1771,0.2,9.89,0.9,27,350,419.8,36.28
522045.79,1413,779,0.32,5245.96,1292,0.13,9.71,0.5,27,350,434.25,36.28
269739.22,1304,480,0.29,5609.05,1342,0.24,8.07,0.3,27,350,417.29,36.28
524118.28,1461,569,0.48,4899.23,1125,0.33,8.12,1.1,27,350,448.76,36.28
831094.7,1867,765,0.31,4436.74,1402,0.13,7.64,0.7,27,350,416.21,36.28
275002.81,1164,275,0.24,5442.62,1475,0.35,9.48,0.6,27,350,449.75,36.28
282812.88,1543,691,0.48,5698.39,1530,0.17,8.64,0.2,27,350,431.4,36.28
190557.85,1221,735,0.11,5535.53,1572,0.24,10.99,0.2,27,350,448.03,36.28
336984.06,1456,506,0.38,6452.87,1429,0.31,10.4,0.7,27,350,454.25,36.28
189229.01,1142,225,0.21,3568.18,1903,0.26,8.76,0.2,27,350,428.57,36.28
361322.58,1075,738,0.13,1427.48,1493,0.33,8.37,0.6,27,350,449.12,36.28
466016.12,1873,543,0.28,2782.22,1968,0.29,9.07,0.8,27,350,417.94,36.28
505560.38,1600,645,0.47,4916.64,1158,0.12,8.96,0.4,27,350,433.05,36.28
359688.18,1957,677,0.4,5322.42,1048,0.15,9.26,0.3,27,350,440.03,36.28
321642.65,1589,717,0.28,3701.3,1453,0.38,7.3,0.5,27,350,463.02,36.28
650742.95,1233,462,0.3,6267.95,1889,0.1,9.93,1.0,27,350,435.57,36.28
343400.17,1346,248,0.45,5635.97,1816,0.28,10.78,0.7,27,350,454.51,36.28
318502.25,1703,473,0.37,3673.16,1691,0.32,10.52,0.6,27,350,444.95,36.28
537043.66,1761,412,0.06,3283.89,1370,0.18,9.6,0.8,27,350,466.59,36.28
371233.89,1807,326,0.46,2024.87,1380,0.27,7.56,0.5,27,350,451.22,36.28
547867.57,1774,415,0.13,4977.01,1556,0.33,7.37,1.1,27,350,463.6,36.28
455622.38,1816,618,0.04,6470.4,1113,0.19,9.6,0.6,27,350,412.77,36.28
163756.64,1653,234,0.17,2125.65,1420,0.31,8.1,0.2,27,350,485.54,36.28
183124.3,1434,730,0.3,6642.07,1190,0.37,10.23,0.3,27,350,465.66,36.28
279813.86,1268,623,0.07,6905.18,1072,0.22,10.6,0.4,27,350,420.16,36.28
429447.76,1630,384,0.2,2923.16,1601,0.4,8.22,1.0,27,350,413.97,36.28
381589.72,1553,686,0.35,4121.45,1233,0.2,7.87,0.4,27,350,475.31,36.28
440521.1,1579,269,0.49,3476.06,1979,0.29,10.82,1.0,27,350,464.12,36.28
447517.76,1890,439,0.36,2336.18,1096,0.36,7.73,0.9,27,350,449.11,36.28
592883.32,1513,513,0.4,3025.97,1389,0.12,10.56,0.6,27,350,416.85,36.28
398750.93,1152,332,0.39,3118.95,1245,0.35,7.44,0.8,27,350,431.46,36.28
263215.27,1200,635,0.11,2302.41,1229,0.26,7.95,0.3,27,350,472.69,36.28
475575.14,1057,429,0.09,4791.68,1662,0.18,7.15,0.7,27,350,464.5,36.28
194227.29,1120,284,0.04,4488.91,1390,0.3,9.98,0.3,27,350,450.01,36.28
511616.92,1061,565,0.12,1327.59,1466,0.23,7.6,0.7,27,350,430.1,36.28
443470.75,1616,560,0.19,5752.23,1594,0.34,9.1,1.0,27,350,465.61,36.28
432792.01,1668,556,0.36,1137.77,1433,0.34,9.73,0.9,27,350,455.03,36.28
403129.03,1182,611,0.38,3042.65,1633,0.32,9.3,0.8,27,350,420.47,36.28
202780.54,1681,324,0.02,4618.79,1940,0.3,10.72,0.3,27,350,422.36,36.28
591870.07,1991,799,0.23,3398.53,1939,0.15,10.92,0.7,27,350,453.74,36.28
331117.22,1677,723,0.08,1199.24,1790,0.37,10.29,0.6,27,350,412.38,36.28
619312.35,1440,494,0.08,6193.84,1545,0.11,7.35,0.9,27,350,443.32,36.28
355762.46,1385,455,0.49,3636.35,1768,0.36,10.1,0.8,27,350,448.99,36.28
672375.16,1609,530,0.16,6305.81,1851,0.13,10.39,1.0,27,350,441.34,36.28
495191.32,1939,703,0.14,2522.59,1745,0.19,7.97,0.5,27,350,429.99,36.28
534828.85,1848,292,0.44,6045.76,1824,0.14,8.45,0.5,27,350,473.05,36.28
544271.03,1476,746,0.15,5303.5,1508,0.23,9.2,0.9,27,350,448.86,36.28
338606.2,1731,788,0.33,6116.43,1330,0.21,7.52,0.3,27,350,425.4,36.28
345484.88,1792,538,0.46,4769.6,1731,0.36,7.08,0.5,27,350,467.39,36.28
314148.0,1327,497,0.27,4113.17,1847,0.15,7.0,0.2,27,350,473.06,36.28
340171.34,1962,375,0.03,1876.62,1202,0.27,8.5,0.5,27,350,461.21,36.28
636420.49,1929,340,0.18,2224.14,1528,0.15,8.41,1.0,27,350,428.74,36.28
207754.02,1987,679,0.43,3843.85,1015,0.39,8.31,0.3,27,350,448.88,36.28
274288.6,1040,522,0.24,1520.85,1219,0.27,9.55,0.4,27,350,415.32,36.28
363252.24,1390,752,0.01,6035.82,1750,0.25,10.58,0.6,27,350,466.08,36.28
415027.54,1275,309,0.18,1293.35,1659,0.38,9.41,1.1,27,350,427.26,36.28
373397.84,1010,431,0.22,1950.01,1030,0.4,7.72,0.9,27,350,464.13,36.28
250393.49,1259,658,0.41,6630.43,1179,0.29,10.94,0.4,27,350,413.96,36.28
507630.8,1016,500,0.06,1419.9,1687,0.38,7.17,1.1,27,350,415.49,36.28
827316.63,1892,652,0.42,1583.98,1930,0.17,7.84,0.9,27,350,495.0,36.28
391485.82,1171,384,0.37,4302.57,1618,0.31,7.89,0.7,27,350,443.82,36.28
462068.79,1745,254,0.26,5072.71,1056,0.11,8.18,0.9,27,350,502.46,36.28
333967.62,1020,639,0.22,6341.37,1836,0.39,7.1,0.6,27,350,463.17,36.28
713522.21,1944,581,0.1,4015.35,1650,0.24,8.33,1.2,27,350,442.34,36.28
270659.99,1354,363,0.2,1052.74,1444,0.37,8.83,0.5,27,350,458.02,36.28
368676.73,1093,229,0.34,4222.35,1863,0.18,10.26,0.6,27,350,482.92,36.28
687311.21,1082,486,0.47,5808.87,1069,0.16,7.78,0.8,27,350,432.06,36.28
685908.97,1755,596,0.09,5127.34,1795,0.13,10.73,0.8,27,350,418.7,36.28
571608.86,1860,754,0.05,2910.74,1288,0.27,9.16,1.1,27,350,475.57,36.28
468936.39,1974,578,0.42,3918.43,1620,0.31,10.45,1.0,27,350,424.52,36.28
643899.86,1836,698,0.1,5165.02,1109,0.21,8.86,1.0,27,350,448.85,36.28
260836.52,1909,710,0.03,4415.36,1263,0.38,9.76,0.5,27,350,425.62,36.28
499560.16,1726,605,0.05,6732.11,1271,0.21,8.78,0.7,27,350,416.88,36.28
495767.52,1319,318,0.15,2449.05,1997,0.17,9.23,0.9,27,350,451.29,36.28
371289.02,1403,539,0.45,4679.21,1716,0.22,7.32,0.3,31,400,424.66,41.16
562608.15,1330,425,0.35,1539.13,1309,0.12,10.6,0.5,31,400,473.42,41.16
231402.33,1272,244,0.34,5676.78,1592,0.29,9.83,0.3,31,400,477.17,41.16
413666.75,1501,268,0.04,3814.14,1109,0.23,8.27,0.7,31,400,506.81,41.16
339584.16,1141,368,0.17,3962.88,1479,0.15,10.23,0.3,31,400,421.43,41.16
500596.7,1165,774,0.47,5869.4,1926,0.37,7.33,0.8,31,400,461.22,41.16
475078.38,1619,260,0.44,4995.84,1009,0.32,7.59,0.8,31,400,468.16,41.16
696742.25,1767,389,0.33,3656.07,1753,0.22,9.08,1.0,31,400,454.64,41.16
402625.58,1104,455,0.1,2842.25,1389,0.39,10.12,1.0,31,400,440.53,41.16
419212.43,1382,510,0.28,5811.02,1064,0.4,9.31,1.0,31,400,466.21,41.16
558971.31,1372,320,0.4,5389.66,1111,0.35,7.76,1.2,31,400,476.4,41.16
493950.34,1177,637,0.22,1373.87,1284,0.33,10.69,1.1,31,400,475.73,41.16
482934.28,1877,553,0.0,4753.62,1993,0.21,7.04,0.4,31,400,434.16,41.16
660909.94,1590,327,0.23,3449.2,1299,0.11,7.27,1.0,31,400,416.93,41.16
514811.6,1900,645,0.19,6044.9,1017,0.38,8.65,1.1,31,400,466.48,41.16
745095.77,1795,739,0.23,1357.71,1059,0.2,9.01,0.9,31,400,427.61,41.16
504891.41,1697,630,0.38,6360.71,1433,0.21,9.24,0.6,31,400,444.54,41.16
624371.42,1286,346,0.41,5186.08,1732,0.18,10.17,1.1,31,400,467.42,41.16
404978.67,1708,434,0.01,2899.84,1773,0.22,7.88,0.4,31,400,505.87,41.16
512717.99,1527,642,0.19,1199.56,1883,0.19,10.8,0.6,31,400,497.78,41.16
318051.42,1117,799,0.22,1689.53,1983,0.36,9.98,0.4,31,400,428.67,41.16
792814.44,1681,714,0.07,2105.64,1955,0.21,7.69,0.9,31,400,449.02,41.16
451447.87,1337,682,0.41,2168.63,1316,0.33,9.44,0.8,31,400,471.41,41.16
222064.48,1814,762,0.46,4614.57,1542,0.31,9.34,0.2,31,400,415.16,41.16
506919.75,1722,379,0.24,3748.01,1552,0.37,9.86,1.2,31,400,462.98,41.16
399207.74,1067,253,0.18,2286.12,1498,0.35,9.07,1.1,31,400,478.89,41.16
320398.15,1359,591,0.17,5785.23,1610,0.24,10.49,0.4,31,400,467.73,41.16
427720.57,1639,303,0.32,2773.47,1453,0.32,8.36,0.7,31,400,453.68,41.16
539134.97,1997,444,0.03,4360.43,1636,0.15,7.89,0.4,31,400,440.03,41.16
405383.4,1927,525,0.4,5474.83,1626,0.18,8.06,0.3,31,400,431.54,41.16
480946.16,1832,541,0.36,1911.89,1191,0.31,10.34,0.9,31,400,449.15,41.16
438471.18,1847,407,0.25,2485.9,1379,0.13,9.15,0.3,31,400,420.42,41.16
540354.88,1556,519,0.26,5508.46,1411,0.35,8.03,1.0,31,400,430.69,41.16
743253.57,1249,692,0.05,6032.47,1154,0.16,9.4,1.0,31,400,437.06,41.16
863018.01,1252,558,0.35,1843.94,1976,0.19,8.9,1.1,31,400,464.09,41.16
707114.67,1213,472,0.46,4235.35,1582,0.24,8.61,1.1,31,400,479.11,41.16
580316.86,1427,349,0.06,4006.3,1901,0.17,8.55,0.9,31,400,412.82,41.16
339770.87,1758,462,0.3,6118.77,1080,0.1,10.13,0.2,31,400,535.63,41.16
469132.54,1747,655,0.16,2642.56,1813,0.3,10.31,0.8,31,400,458.38,41.16
433841.42,1567,745,0.31,3583.86,1608,0.3,9.67,0.7,31,400,497.4,41.16
216237.74,1970,581,0.36,1084.19,1911,0.34,10.94,0.2,31,400,413.36,41.16
302169.95,1948,488,0.28,6287.1,1355,0.38,10.85,0.6,31,400,459.33,41.16
363640.58,1100,596,0.48,3397.47,1444,0.25,10.37,0.5,31,400,469.48,41.16
430313.17,1047,321,0.13,1624.43,1074,0.23,8.36,0.6,31,400,480.26,41.16
830394.83,1580,619,0.15,4498.65,1933,0.13,7.12,0.9,31,400,471.34,41.16
512888.85,1576,731,0.31,4857.66,1827,0.25,10.64,0.8,31,400,437.98,41.16
383824.61,1658,271,0.03,5949.08,1699,0.29,8.11,0.5,31,400,415.59,41.16
326244.85,1783,768,0.3,2425.98,1641,0.26,8.57,0.3,31,400,462.1,41.16
322848.28,1432,373,0.45,3035.14,1020,0.39,7.09,0.5,31,400,462.62,41.16
201085.25,1468,453,0.14,1160.94,1327,0.37,7.17,0.2,31,400,474.65,41.16
540929.35,1664,342,0.06,3838.5,1207,0.2,8.14,0.9,31,400,474.9,41.16
449309.24,1010,660,0.12,6526.38,1505,0.27,8.8,0.7,31,400,465.09,41.16
327234.48,1189,626,0.15,1971.21,1342,0.36,8.45,0.5,31,400,469.78,41.16
594301.88,1986,392,0.11,5325.85,1941,0.38,7.39,1.1,31,400,466.46,41.16
344922.29,1300,697,0.09,6273.64,1575,0.37,9.36,0.6,31,400,421.49,41.16
606805.47,1935,222,0.13,6975.83,1510,0.11,8.4,1.0,31,400,431.23,41.16
277329.54,1232,285,0.49,3155.25,1880,0.23,7.02,0.2,31,400,440.45,41.16
590773.73,1649,710,0.25,6482.85,1125,0.17,8.85,0.6,31,400,424.04,41.16
591103.92,1226,751,0.14,2607.22,1214,0.2,9.77,0.8,31,400,461.79,41.16
427902.4,1139,228,0.37,6898.65,1787,0.25,10.41,0.9,31,400,478.65,41.16
352763.81,1030,610,0.2,3188.09,1263,0.28,8.81,0.5,31,400,452.62,41.16
391411.86,1417,470,0.21,6606.01,1429,0.17,7.44,0.3,31,400,468.75,41.16
1045793.94,1968,758,0.26,1272.87,1233,0.12,10.74,1.0,31,400,451.44,41.16
519035.17,1203,365,0.04,6411.4,1654,0.13,10.91,0.8,31,400,419.5,41.16
774585.62,1804,565,0.02,2513.85,1483,0.16,7.74,0.7,31,400,419.18,41.16
203680.62,1852,607,0.29,6859.17,1800,0.27,10.83,0.2,31,400,428.22,41.16
576468.65,1903,703,0.49,1725.4,1271,0.29,7.66,0.7,31,400,413.02,41.16
347414.61,1485,424,0.08,4061.38,1969,0.28,9.96,0.5,31,400,495.91,41.16
416025.73,1123,722,0.24,6723.25,1098,0.16,9.58,0.4,31,400,442.65,41.16
441136.42,1361,511,0.02,4287.61,1852,0.28,10.97,0.8,31,400,423.78,41.16
897993.31,1717,786,0.18,3507.01,1137,0.15,9.56,1.0,31,400,479.94,41.16
333721.43,1266,250,0.43,1478.47,1767,0.33,8.5,0.5,31,400,414.98,41.16
324093.85,1311,480,0.43,6676.5,1725,0.26,7.49,0.3,31,400,417.57,41.16
673606.29,1776,291,0.34,1555.43,1540,0.26,7.84,1.1,31,400,436.33,41.16
300756.37,1390,299,0.33,5731.92,1241,0.34,8.95,0.5,31,400,445.12,41.16
530253.86,1862,416,0.1,2976.65,1701,0.3,7.94,0.8,31,400,456.85,41.16
483878.44,1610,577,0.07,6200.87,1047,0.34,8.29,0.9,31,400,450.28,41.16
521648.38,1492,239,0.37,4825.74,1464,0.14,7.44,0.7,31,400,467.23,41.16
1050098.35,1192,790,0.42,4459.1,1666,0.14,7.61,0.9,31,400,479.18,41.16
469418.11,1472,437,0.39,3041.76,1258,0.14,9.69,0.4,31,400,424.85,41.16
302671.02,1623,336,0.47,3530.01,1149,0.18,10.59,0.3,31,400,480.06,41.16
556351.81,1883,732,0.09,2067.99,1177,0.4,8.68,1.2,31,400,467.06,41.16
325350.49,1023,296,0.5,6773.45,1567,0.35,10.47,0.7,31,400,478.8,41.16
448126.16,1533,277,0.11,3932.97,1032,0.12,9.91,0.4,31,400,469.89,41.16
448056.54,1019,356,0.08,5101.48,1521,0.22,8.0,0.6,31,400,467.46,41.16
705908.12,1913,529,0.42,4958.15,1847,0.31,7.55,1.1,31,400,415.77,41.16
561959.92,1081,310,0.39,2204.71,1169,0.24,9.75,1.0,31,400,419.88,41.16
280149.33,1079,690,0.27,4306.32,1682,0.32,8.2,0.3,31,400,414.24,41.16
701156.56,1457,674,0.44,4597.46,1395,0.13,9.18,0.6,31,400,469.22,41.16
264279.44,1056,496,0.21,5055.59,1229,0.17,8.75,0.2,31,400,453.25,41.16
968629.62,1152,573,0.05,1027.31,1670,0.11,8.17,0.8,31,400,448.63,41.16
495587.61,1444,400,0.48,3254.75,1189,0.27,10.06,0.9,31,400,467.28,41.16
403326.81,1550,403,0.38,5254.29,1862,0.3,9.21,0.6,31,400,412.7,41.16
417281.15,1307,662,0.12,5588.71,1833,0.24,8.98,0.5,31,400,428.78,41.16
324147.83,1827,781,0.01,1798.49,1404,0.28,10.26,0.4,31,400,429.34,41.16
886052.17,1739,672,0.32,4156.51,1367,0.11,9.61,0.7,31,400,423.1,41.16
906980.22,1951,492,0.29,3302.95,1792,0.2,7.22,1.1,31,400,416.27,41.16
360499.83,1510,549,0.16,2378.44,1337,0.36,10.01,0.7,31,400,471.74,41.16
323680.88,1347,598,0.27,5261.83,1893,0.39,10.54,0.6,31,400,431.46,41.16
409224.17,1677,500,0.2,2717.31,1741,0.19,9.5,0.4,31,400,457.87,41.16
874236.2,1884,340,0.39,2813.98,1677,0.1,10.89,0.8,35,450,418.96,46.24
528952.05,1482,250,0.19,5862.46,1155,0.12,7.3,0.6,35,450,475.46,46.24
602441.14,1891,416,0.4,5639.02,1309,0.28,9.36,0.9,35,450,429.42,46.24
220299.2,1560,301,0.33,2267.57,1208,0.32,10.82,0.3,35,450,423.8,46.24
639845.07,1790,281,0.45,5359.3,1134,0.29,10.61,1.2,35,450,412.09,46.24
723407.91,1211,368,0.46,6826.6,1924,0.19,7.97,0.7,35,450,414.21,46.24
683085.31,1823,481,0.08,4691.62,1046,0.13,9.11,0.5,35,450,412.84,46.24
850571.85,1847,535,0.0,6492.27,1967,0.17,7.76,1.0,35,450,422.18,46.24
541211.32,1329,576,0.42,4086.54,1735,0.33,9.56,0.9,35,450,413.38,46.24
950883.6,1550,665,0.28,4445.1,1172,0.18,9.43,1.1,35,450,416.54,46.24
482350.24,1002,531,0.05,6549.15,1466,0.32,8.82,0.8,35,450,443.07,46.24
916652.62,1418,683,0.17,5724.76,1007,0.1,8.18,0.7,35,450,458.79,46.24
388297.43,1836,475,0.25,3501.89,1142,0.4,8.22,0.6,35,450,455.35,46.24
398617.31,1191,638,0.16,1323.58,1128,0.17,9.0,0.3,35,450,552.79,46.24
461532.05,1347,485,0.13,2413.47,1497,0.32,10.1,0.8,35,450,469.28,46.24
1237858.97,1879,787,0.33,1470.63,1583,0.16,8.52,1.1,35,450,420.06,46.24
281023.63,1868,769,0.01,6436.01,1262,0.18,10.49,0.2,35,450,500.42,46.24
383670.59,1478,452,0.32,1819.69,1741,0.31,7.87,0.4,35,450,462.68,46.24
756647.44,1315,395,0.11,1413.3,1885,0.15,7.39,0.8,35,450,466.27,46.24
297887.17,1113,560,0.3,1646.97,1057,0.26,9.74,0.3,35,450,468.05,46.24
335908.63,1362,399,0.45,4538.75,1419,0.39,8.55,0.5,35,450,471.5,46.24
541247.39,1684,436,0.11,2929.34,1037,0.33,10.47,1.1,35,450,449.42,46.24
786112.35,1258,553,0.22,5799.91,1242,0.15,9.88,1.0,35,450,467.25,46.24
500058.3,1084,411,0.04,4264.21,1222,0.28,7.81,0.7,35,450,488.27,46.24
547896.21,1300,590,0.39,1127.01,1447,0.2,7.17,0.4,35,450,471.69,46.24
1194966.58,1658,715,0.32,4846.27,1506,0.12,8.67,1.0,35,450,419.25,46.24
852722.59,1420,462,0.29,5247.89,1706,0.14,7.92,1.0,35,450,418.79,46.24
577468.78,1593,660,0.36,2353.98,1476,0.38,7.95,0.9,35,450,435.81,46.24
446739.51,1275,608,0.47,3047.12,1357,0.24,7.63,0.4,35,450,471.73,46.24
311074.7,1048,691,0.23,2736.62,1930,0.23,8.79,0.2,35,450,420.71,46.24
689032.82,1132,642,0.31,3407.84,1986,0.18,9.51,0.7,35,450,422.82,46.24
640642.51,1690,761,0.46,4334.0,1346,0.3,8.42,0.9,35,450,469.23,46.24
560033.11,1740,646,0.23,2792.09,1513,0.27,8.72,0.7,35,450,457.1,46.24
710880.25,1187,366,0.41,4154.86,1315,0.25,7.23,1.1,35,450,464.56,46.24
458193.84,1145,442,0.1,6101.34,1623,0.26,9.2,0.6,35,450,415.12,46.24
1174189.94,1607,703,0.35,5126.8,1073,0.16,7.02,1.0,35,450,415.55,46.24
631549.26,1953,468,0.43,4390.05,1668,0.36,9.44,1.2,35,450,453.85,46.24
668768.64,1448,503,0.49,3664.89,1607,0.26,7.59,0.8,35,450,474.89,46.24
233330.96,1808,329,0.3,2511.74,1658,0.35,10.34,0.3,35,450,468.61,46.24
284773.3,1984,272,0.2,3874.19,1859,0.36,9.9,0.4,35,450,454.41,46.24
533916.55,1648,324,0.05,5023.59,1580,0.24,10.95,0.8,35,450,444.75,46.24
672104.34,1908,308,0.18,1597.27,1460,0.26,8.3,1.1,35,450,499.6,46.24
1086046.0,1726,721,0.03,1926.41,1721,0.12,10.99,1.0,35,450,463.97,46.24
517581.0,1394,242,0.21,4759.76,1021,0.13,10.15,0.8,35,450,462.13,46.24
262470.45,1204,386,0.12,4540.3,1286,0.2,9.25,0.2,35,450,418.44,46.24
1077271.54,1707,734,0.24,2024.11,1483,0.14,9.97,1.0,35,450,413.83,46.24
463706.19,1470,277,0.16,1108.33,1994,0.39,10.55,1.0,35,450,467.16,46.24
434004.35,1436,258,0.24,3035.5,1861,0.37,10.64,0.9,35,450,479.18,46.24
404640.58,1498,617,0.07,6798.2,1323,0.23,10.87,0.5,35,450,456.87,46.24
637396.7,1816,238,0.38,6222.73,1524,0.16,9.01,0.7,35,450,455.58,46.24
695344.91,1074,455,0.1,6034.68,1783,0.11,10.68,1.1,35,450,420.34,46.24
472262.24,1530,630,0.47,4796.15,1435,0.36,9.83,0.8,35,450,428.46,46.24
745736.56,1567,547,0.15,5410.27,1753,0.29,7.25,1.0,35,450,464.86,46.24
190453.19,1911,426,0.19,5856.59,1114,0.33,8.75,0.2,35,450,421.99,46.24
445988.84,1573,519,0.27,2001.09,1278,0.39,9.33,0.8,35,450,454.46,46.24
300121.8,1283,782,0.08,2472.17,1294,0.34,8.07,0.3,35,450,415.42,46.24
675957.72,1058,381,0.38,6092.94,1334,0.21,7.7,1.2,35,450,486.06,46.24
416985.01,1518,404,0.2,6180.93,1546,0.34,9.55,0.7,35,450,480.25,46.24
632528.47,1616,287,0.09,6379.05,1680,0.24,7.46,1.1,35,450,413.06,46.24
630244.59,1333,353,0.29,3810.78,1699,0.27,8.39,0.9,35,450,453.46,46.24
371206.56,1242,653,0.02,2667.11,1833,0.36,10.3,0.6,35,450,522.67,46.24
471757.58,1583,755,0.34,3126.79,1811,0.28,8.6,0.5,35,450,454.32,46.24
467426.81,1719,790,0.48,4900.3,1956,0.32,8.48,0.5,35,450,421.02,46.24
601381.55,1627,310,0.44,5466.2,1794,0.29,10.01,1.0,35,450,421.14,46.24
497268.77,1457,224,0.01,3602.84,1646,0.13,8.16,0.6,35,450,458.13,46.24
632553.16,1771,333,0.37,4217.47,1560,0.14,9.66,0.5,35,450,418.96,46.24
195727.47,1099,545,0.02,1873.25,1068,0.3,10.43,0.2,35,450,489.35,46.24
469163.84,1406,623,0.5,3294.58,1212,0.39,10.22,0.9,35,450,423.74,46.24
468977.81,1856,687,0.26,2135.39,1616,0.34,8.87,0.6,35,450,423.43,46.24
403658.4,1020,727,0.35,6334.05,1192,0.38,10.27,0.8,35,450,437.13,46.24
635963.22,1970,612,0.26,4027.25,1010,0.11,7.52,0.3,35,450,415.45,46.24
692137.18,1940,252,0.12,5515.6,1775,0.11,9.78,0.9,35,450,418.71,46.24
430215.2,1360,506,0.21,4653.09,1090,0.23,7.41,0.4,35,450,449.22,46.24
272637.49,1036,747,0.31,5945.05,1424,0.37,8.26,0.3,35,450,513.34,46.24
934525.25,1126,581,0.14,1754.06,1908,0.2,8.61,1.1,35,450,411.11,46.24
283412.49,1175,433,0.17,3898.84,1920,0.37,10.59,0.4,35,450,467.38,46.24
458072.79,1162,592,0.36,2199.44,1533,0.21,10.39,0.5,35,450,459.34,46.24
442526.59,1637,571,0.42,6708.83,1764,0.22,9.06,0.4,35,450,438.66,46.24
496983.29,1265,672,0.03,3184.33,1636,0.19,8.01,0.4,35,450,446.97,46.24
313522.36,1385,527,0.25,5193.07,1592,0.24,10.06,0.3,35,450,467.59,46.24
653589.63,1786,358,0.09,5270.63,1169,0.22,7.06,1.1,35,450,474.05,46.24
234641.61,1998,564,0.34,3729.59,1232,0.31,7.8,0.2,35,450,460.94,46.24
406970.62,1527,317,0.48,1040.73,1101,0.31,9.7,0.6,35,450,434.33,46.24
433250.7,1664,711,0.41,6928.92,1386,0.38,9.23,0.7,35,450,467.25,46.24
598342.99,1029,344,0.44,1198.1,1946,0.3,10.17,1.1,35,450,474.93,46.24
847791.51,1109,498,0.37,3268.43,1366,0.13,9.15,0.7,35,450,435.92,46.24
336905.99,1061,752,0.04,2868.0,1377,0.27,8.08,0.3,35,450,430.02,46.24
506898.91,1371,771,0.15,6968.75,1403,0.2,9.31,0.5,35,450,420.86,46.24
430971.89,1932,490,0.07,3560.48,1565,0.22,10.75,0.5,35,450,536.88,46.24
452830.94,1924,420,0.06,1509.66,1845,0.18,10.77,0.4,35,450,452.25,46.24
909038.64,1510,515,0.4,6638.25,1100,0.17,7.33,0.9,35,450,459.79,46.24
449619.95,1762,373,0.06,6696.01,1391,0.21,9.96,0.5,35,450,465.5,46.24
378254.48,1152,796,0.43,2611.65,1250,0.35,7.52,0.4,35,450,466.51,46.24
566908.5,1297,742,0.18,2202.11,1971,0.29,8.35,0.7,35,450,444.52,46.24
713752.85,1230,600,0.13,4973.31,1824,0.15,8.91,0.6,35,450,421.96,46.24
223064.81,1236,296,0.22,5575.26,1876,0.35,7.65,0.2,35,450,474.08,46.24
385270.56,1977,268,0.49,3364.86,1182,0.34,9.61,0.6,35,450,456.93,46.24
354659.16,1742,675,0.14,3955.94,1894,0.25,8.94,0.3,35,450,449.21,46.24
1152688.41,1751,699,0.28,1252.35,1803,0.17,7.1,0.9,35,450,414.88,46.24
557734.14,1679,233,0.27,1692.25,1711,0.21,7.15,0.6,35,450,471.06,46.24
452328.59,1147,699,0.1,6534.29,1316,0.26,9.18,0.5,38,500,446.57,51.18
853485.37,1160,619,0.43,4531.95,1007,0.15,10.33,0.8,38,500,449.22,51.18
456389.41,1613,305,0.31,2142.99,1609,0.14,10.48,0.3,38,500,458.96,51.18
396874.35,1345,739,0.22,6467.0,1266,0.4,10.81,0.7,38,500,488.16,51.18
789356.12,1044,293,0.43,1073.69,1830,0.18,10.11,1.0,38,500,454.84,51.18
516559.68,1918,721,0.39,2550.73,1545,0.35,9.16,0.6,38,500,418.95,51.18
809593.27,1437,588,0.3,6654.81,1170,0.22,8.58,0.9,38,500,461.66,51.18
613277.49,1954,564,0.17,3823.4,1842,0.11,9.85,0.3,38,500,433.17,51.18
193446.37,1423,428,0.34,5937.59,1053,0.39,8.53,0.2,38,500,476.19,51.18
658457.49,1566,245,0.19,4441.71,1806,0.13,7.76,1.1,38,500,481.18,51.18
740914.32,1767,650,0.18,6731.12,1974,0.24,7.5,0.7,38,500,473.73,51.18
821967.78,1774,448,0.14,6291.56,1351,0.16,10.53,1.1,38,500,467.14,51.18
646691.88,1440,672,0.18,5045.64,1551,0.3,7.99,0.8,38,500,449.3,51.18
1187855.03,1843,606,0.28,6190.98,1417,0.1,7.78,0.9,38,500,418.78,51.18
721329.06,1054,416,0.05,2095.91,1459,0.24,7.44,0.9,38,500,416.03,51.18
304472.42,1338,579,0.22,4733.17,1113,0.25,10.92,0.3,38,500,458.11,51.18
618420.65,1602,321,0.12,1686.82,1582,0.29,7.55,0.7,38,500,435.88,51.18
416844.41,1556,281,0.37,1915.97,1924,0.29,10.67,0.5,38,500,419.68,51.18
401830.67,1702,734,0.01,1518.89,1366,0.32,9.07,0.4,38,500,465.41,51.18
909748.51,1381,712,0.2,2704.56,1967,0.21,10.31,1.1,38,500,415.94,51.18
516087.62,1649,394,0.38,3612.31,1015,0.3,10.63,0.8,38,500,423.54,51.18
625399.39,1751,635,0.04,3014.79,1669,0.23,8.63,0.6,38,500,458.35,51.18
303957.94,1301,553,0.03,1444.4,1030,0.29,9.77,0.3,38,500,452.39,51.18
573717.62,1889,593,0.15,4176.58,1305,0.28,7.83,0.6,38,500,458.48,51.18
724760.4,1939,358,0.44,6395.38,1739,0.31,9.51,1.1,38,500,435.46,51.18
308850.71,1925,375,0.16,4411.58,1518,0.38,9.38,0.4,38,500,462.34,51.18
652607.23,1098,768,0.15,2262.11,1156,0.37,7.85,1.0,38,500,427.82,51.18
693123.97,1548,508,0.37,5146.93,1183,0.13,10.15,0.5,38,500,442.56,51.18
963335.0,1180,524,0.32,4612.48,1252,0.11,9.81,0.8,38,500,415.98,51.18
574820.84,1375,726,0.29,1646.45,1793,0.37,9.89,0.9,38,500,483.73,51.18
1056106.24,1697,798,0.46,2902.32,1721,0.26,7.06,1.1,38,500,491.3,51.18
264634.16,1033,229,0.45,4036.6,1429,0.25,8.4,0.2,38,500,411.54,51.18
362882.27,1246,676,0.34,5586.97,1720,0.38,10.74,0.5,38,500,463.93,51.18
431852.05,1225,423,0.48,5763.95,1500,0.21,10.23,0.4,38,500,420.17,51.18
833161.74,1824,631,0.04,2654.45,1871,0.23,7.89,0.8,38,500,432.86,51.18
403153.65,1395,705,0.26,5541.95,1522,0.36,9.12,0.5,38,500,452.11,51.18
965928.6,1535,757,0.05,5806.65,1103,0.1,8.03,0.5,38,500,470.26,51.18
616728.95,1792,226,0.23,2496.03,1999,0.22,8.32,0.6,38,500,465.74,51.18
571085.28,1489,244,0.24,5082.34,1562,0.14,8.85,0.7,38,500,510.83,51.18
374366.9,1174,680,0.1,3337.8,1611,0.27,10.72,0.4,38,500,478.71,51.18
735796.13,1067,657,0.01,6426.3,1673,0.15,9.43,0.6,38,500,426.47,51.18
534956.53,1000,538,0.36,2430.43,1039,0.14,10.06,0.4,38,500,475.7,51.18
225642.73,1215,299,0.5,3479.06,1765,0.33,9.74,0.2,38,500,457.43,51.18
713907.96,1131,384,0.42,3952.36,1123,0.25,9.47,1.0,38,500,427.83,51.18
720409.82,1458,583,0.02,6901.0,1094,0.31,9.29,1.2,38,500,456.56,51.18
964801.97,1628,406,0.41,3053.73,1220,0.14,7.35,0.7,38,500,460.37,51.18
590047.55,1873,779,0.07,4285.3,1245,0.35,7.13,0.7,38,500,469.44,51.18
923750.46,1415,571,0.29,1766.57,1206,0.17,10.88,1.0,38,500,417.29,51.18
543251.93,1725,279,0.12,3253.36,1405,0.36,10.4,1.0,38,500,414.6,51.18
982877.93,1027,762,0.07,5019.3,1080,0.16,8.22,1.2,38,500,424.07,51.18
508033.97,1327,622,0.24,5423.53,1654,0.12,7.03,0.2,38,500,467.32,51.18
758506.58,1575,316,0.4,6823.53,1699,0.16,10.56,0.9,38,500,484.31,51.18
511531.28,1631,513,0.41,4103.89,1578,0.31,8.75,0.6,38,500,437.64,51.18
461880.51,1818,692,0.21,6948.71,1937,0.21,8.2,0.3,38,500,473.61,51.18
293123.96,1671,364,0.19,3916.93,1394,0.38,7.37,0.3,38,500,449.34,51.18
508932.4,1473,400,0.02,1233.92,1903,0.11,7.95,0.2,38,500,479.81,51.18
555899.43,1202,262,0.27,3559.49,1130,0.25,8.33,1.0,38,500,466.02,51.18
872531.6,1855,434,0.28,6011.54,1322,0.15,10.2,0.8,38,500,457.86,51.18
473116.62,1368,561,0.45,6245.53,1082,0.32,9.93,0.7,38,500,459.62,51.18
740431.74,1315,644,0.23,2025.22,1853,0.34,7.72,1.0,38,500,422.78,51.18
782458.35,1892,337,0.39,6634.28,1297,0.22,7.26,0.7,38,500,423.87,51.18
349316.38,1868,493,0.21,5312.03,1381,0.3,7.66,0.3,38,500,448.9,51.18
932994.81,1529,613,0.06,5654.66,1985,0.18,10.92,1.1,38,500,424.18,51.18
373545.69,1231,689,0.13,1142.39,1892,0.2,9.61,0.2,38,500,478.36,51.18
573442.79,1515,268,0.0,1834.8,1477,0.28,10.01,1.1,38,500,466.9,51.18
569926.13,1651,236,0.09,1841.89,1281,0.38,7.62,1.0,38,500,452.68,51.18
449636.91,1279,349,0.3,5877.96,1194,0.2,8.82,0.4,38,500,465.03,51.18
930769.09,1462,542,0.33,3445.01,1811,0.16,10.51,0.9,38,500,423.86,51.18
611361.53,1984,502,0.35,3793.12,1432,0.24,8.79,0.6,38,500,413.38,51.18
292576.03,1786,745,0.36,3346.3,1537,0.36,10.44,0.3,38,500,428.99,51.18
406879.54,1745,792,0.38,4905.54,1959,0.33,9.33,0.4,38,500,430.78,51.18
560981.01,1731,772,0.42,2792.29,1839,0.19,9.6,0.4,38,500,476.61,51.18
645976.25,1583,786,0.13,2615.77,1440,0.39,7.41,0.9,38,500,440.75,51.18
1052905.35,1840,372,0.46,2362.59,1461,0.17,8.72,1.1,38,500,458.19,51.18
505716.66,1162,469,0.16,5452.48,1372,0.27,7.11,0.5,38,500,448.99,51.18
724185.93,1115,518,0.2,4219.61,1787,0.34,7.23,1.0,38,500,418.39,51.18
819726.73,1904,550,0.08,1336.45,1914,0.26,8.06,0.9,38,500,469.64,51.18
405917.05,1121,407,0.14,5356.81,1063,0.2,7.56,0.3,38,500,431.4,51.18
642088.04,1281,666,0.4,2019.16,1622,0.4,8.89,1.1,38,500,467.77,51.18
390575.08,1073,602,0.11,6109.6,1686,0.39,8.28,0.5,38,500,420.88,51.18
624589.73,1991,483,0.32,4571.08,1230,0.32,8.14,0.8,38,500,420.58,51.18
724970.57,1975,455,0.49,4334.24,1330,0.28,8.38,0.9,38,500,469.09,51.18
398205.19,1016,289,0.35,4879.38,1145,0.33,8.97,0.6,38,500,466.34,51.18
962184.96,1944,353,0.26,1050.65,1600,0.12,9.67,0.7,38,500,473.07,51.18
420016.39,1357,313,0.31,2214.18,1347,0.28,7.31,0.4,38,500,461.95,51.18
906073.45,1966,532,0.11,5240.39,1642,0.18,9.27,0.9,38,500,464.58,51.18
410592.0,1494,269,0.03,3652.24,1888,0.34,8.47,0.5,38,500,473.58,51.18
277215.12,1662,440,0.17,3214.72,1746,0.35,9.99,0.3,38,500,420.93,51.18
472506.67,1089,480,0.49,1386.1,1172,0.23,8.64,0.4,38,500,412.6,51.18
745466.08,1599,256,0.48,2957.88,1777,0.32,8.92,1.2,38,500,443.06,51.18
657835.24,1720,751,0.27,1284.46,1508,0.35,10.26,1.0,38,500,417.18,51.18
331204.95,1509,717,0.47,3726.37,1240,0.27,7.19,0.2,38,500,447.55,51.18
1020025.23,1690,464,0.25,3116.14,1048,0.12,9.52,1.1,38,500,437.68,51.18
736748.59,1401,497,0.09,4828.2,1489,0.17,10.99,0.8,38,500,463.76,51.18
372730.29,1292,642,0.06,6797.53,1632,0.37,9.69,0.5,38,500,455.16,51.18
673334.1,1198,381,0.44,2817.3,1750,0.2,8.09,0.6,38,500,462.07,51.18
724051.36,1108,330,0.33,1584.06,1866,0.22,8.48,0.8,38,500,470.09,51.18
832133.18,1804,444,0.47,5710.5,1709,0.12,10.77,0.6,38,500,469.94,51.18
726982.97,1253,471,0.25,4681.93,1947,0.19,9.03,0.7,38,500,464.6,51.18
577679.14,1260,338,0.08,6056.27,1280,0.19,9.23,0.8,38,500,473.29,51.18
846541.81,1033,423,0.32,6776.04,1462,0.11,8.12,0.7,42,550,459.85,55.86
590040.28,1315,583,0.26,5700.47,1782,0.32,9.63,0.8,42,550,476.34,55.86
690819.41,1583,244,0.4,6335.07,1795,0.36,8.19,1.0,42,550,467.27,55.86
423521.28,1613,236,0.49,5362.45,1830,0.16,8.3,0.2,42,550,469.98,55.86
678946.57,1160,704,0.11,5036.35,1214,0.26,8.99,0.8,42,550,466.51,55.86
509034.91,1721,752,0.18,6441.53,1491,0.26,10.24,0.5,42,550,459.25,55.86
501178.24,1302,511,0.2,1259.46,1732,0.31,8.73,0.5,42,550,473.65,55.86
622022.25,1267,691,0.29,6837.42,1335,0.33,8.35,0.8,42,550,475.4,55.86
421380.78,1632,298,0.19,2675.64,1920,0.29,9.58,0.4,42,550,468.76,55.86
1376422.86,1895,650,0.35,4590.89,1806,0.12,10.59,1.0,42,550,465.8,55.86
629010.51,1016,556,0.5,3147.84,1505,0.22,8.04,0.5,42,550,449.76,55.86
656159.47,1465,713,0.37,4534.47,1871,0.25,7.32,0.5,42,550,458.49,55.86
1024187.0,1786,603,0.07,6958.54,1518,0.15,10.15,1.1,42,550,460.63,55.86
238766.73,1622,677,0.3,5679.54,1013,0.3,10.35,0.2,42,550,431.06,55.86
860868.34,1195,637,0.01,6903.83,1620,0.15,10.99,0.9,42,550,501.54,55.86
783108.99,1523,408,0.13,4804.69,1592,0.2,10.21,0.8,42,550,432.11,55.86
701367.49,1120,311,0.48,1941.12,1958,0.4,8.21,1.1,42,550,413.92,55.86
545232.01,1596,329,0.04,2692.43,1479,0.3,8.43,0.6,42,550,436.34,55.86
627374.23,1486,355,0.44,4615.27,1894,0.12,9.03,0.3,42,550,449.14,55.86
763517.81,1338,259,0.45,5394.91,1072,0.19,7.23,1.2,42,550,463.11,55.86
787223.4,1028,492,0.04,5217.04,1988,0.21,7.85,0.7,42,550,424.39,55.86
1061033.8,1945,538,0.09,4134.09,1751,0.23,8.76,1.2,42,550,455.02,55.86
1045140.03,1837,505,0.15,3062.08,1764,0.17,9.14,0.9,42,550,467.22,55.86
609165.66,1287,269,0.23,3233.98,1528,0.38,9.31,1.1,42,550,467.16,55.86
345253.43,1974,773,0.47,6037.74,1201,0.28,7.34,0.2,42,550,412.62,55.86
313729.42,1328,441,0.14,3459.49,1437,0.31,9.91,0.3,42,550,416.67,55.86
542666.31,1876,315,0.02,1320.83,1642,0.23,9.79,0.5,42,550,475.18,55.86
894895.08,1764,546,0.49,3471.2,1589,0.31,7.63,1.0,42,550,413.22,55.86
931676.12,1602,418,0.17,3784.2,1415,0.13,9.24,0.9,42,550,449.44,55.86
354554.68,1563,297,0.09,3530.72,1946,0.33,10.75,0.4,42,550,452.25,55.86
619140.66,1713,577,0.39,4195.21,1546,0.22,10.63,0.6,42,550,449.66,55.86
731248.88,1675,463,0.22,1381.93,1865,0.35,7.78,0.9,42,550,469.53,55.86
845772.01,1806,787,0.06,6749.08,1395,0.3,8.05,1.0,42,550,455.16,55.86
504892.94,1772,396,0.27,3958.35,1714,0.29,9.16,0.5,42,550,422.89,55.86
347835.7,1383,288,0.24,4921.38,1067,0.38,7.94,0.4,42,550,462.46,55.86
1250000.48,1149,507,0.27,1712.31,1651,0.1,8.56,0.9,42,550,416.43,55.86
579446.37,1573,321,0.33,4758.99,1842,0.37,8.81,0.8,42,550,431.48,55.86
701341.3,1139,735,0.44,3007.25,1300,0.19,10.0,0.6,42,550,421.24,55.86
991338.55,1054,443,0.23,2012.01,1970,0.19,8.56,1.1,42,550,414.26,55.86
1140563.85,1127,359,0.43,1055.4,1150,0.11,10.04,1.1,42,550,449.14,55.86
418557.95,1543,531,0.08,2569.52,1355,0.19,10.8,0.3,42,550,467.46,55.86
617006.98,1652,591,0.42,2176.55,1251,0.26,7.72,0.5,42,550,438.2,55.86
387849.35,1984,431,0.34,5553.56,1162,0.29,7.4,0.3,42,550,470.5,55.86
1432768.23,1510,660,0.41,4095.99,1238,0.2,7.02,1.2,42,550,451.66,55.86
791423.88,1416,303,0.36,3615.31,1230,0.16,9.68,0.8,42,550,448.95,55.86
630004.22,1156,621,0.19,5318.29,1692,0.35,10.72,1.1,42,550,464.54,55.86
486652.7,1451,666,0.38,5485.08,1562,0.28,8.11,0.4,42,550,449.8,55.86
522259.22,1743,669,0.07,5858.47,1151,0.18,10.49,0.4,42,550,466.43,55.86
593199.49,1372,254,0.05,4013.79,1036,0.22,7.09,0.7,42,550,449.1,55.86
916671.92,1538,452,0.25,4878.24,1838,0.14,9.95,0.7,42,550,484.1,55.86
301015.19,1842,279,0.03,2945.15,1449,0.37,10.84,0.4,42,550,455.97,55.86
675387.1,1106,567,0.01,3208.31,1173,0.17,10.1,0.6,42,550,459.06,55.86
1378012.11,1447,596,0.48,5618.99,1740,0.15,7.58,0.9,42,550,412.05,55.86
459455.22,1662,647,0.37,6646.27,1819,0.29,9.39,0.4,42,550,452.38,55.86
1142956.45,1421,764,0.08,5869.62,1488,0.1,8.93,0.6,42,550,421.72,55.86
1013122.78,1096,743,0.21,4267.18,1360,0.22,8.9,1.1,42,550,414.58,55.86
405330.55,1260,683,0.31,2095.61,1859,0.32,8.51,0.3,42,550,477.97,55.86
336747.68,1410,543,0.46,5746.79,1615,0.34,9.22,0.3,42,550,425.09,55.86
485911.1,1431,715,0.28,6563.81,1181,0.31,10.04,0.6,42,550,454.86,55.86
311165.25,1344,562,0.15,1448.79,1674,0.35,10.84,0.3,42,550,434.51,55.86
1006742.11,1737,499,0.14,2902.02,1099,0.14,10.53,1.0,42,550,472.4,55.86
763484.97,1685,263,0.31,3335.85,1347,0.27,9.85,1.1,42,550,424.96,55.86
457087.56,1369,365,0.43,1883.51,1005,0.36,10.3,0.7,42,550,449.6,55.86
333621.26,1086,337,0.11,1225.58,1371,0.36,7.52,0.3,42,550,416.9,55.86
653500.67,1493,474,0.42,6087.32,1194,0.18,7.06,0.4,42,550,469.9,55.86
499193.84,1299,723,0.26,2312.85,1102,0.39,9.52,0.7,42,550,441.49,55.86
631369.95,1390,486,0.35,6259.78,1050,0.25,10.68,0.8,42,550,414.46,55.86
743210.38,1180,371,0.22,6383.21,1903,0.26,7.13,1.0,42,550,477.34,55.86
760246.71,1223,406,0.02,3362.24,1533,0.27,7.98,1.0,42,550,431.48,55.86
312718.66,1928,250,0.46,6501.04,1306,0.34,10.93,0.4,42,550,419.46,55.86
260094.19,1886,466,0.36,2505.43,1880,0.33,10.4,0.2,42,550,454.63,55.86
308354.92,1004,642,0.17,2494.22,1388,0.24,9.82,0.2,42,550,418.68,55.86
539079.44,1862,797,0.29,5011.46,1578,0.27,9.53,0.5,42,550,473.66,55.86
639752.15,1959,374,0.03,5087.7,1287,0.33,9.41,0.9,42,550,430.29,55.86
556725.29,1072,574,0.45,2215.49,1330,0.17,7.47,0.3,42,550,470.73,55.86
763281.69,1551,759,0.1,5943.8,1601,0.32,7.68,0.9,42,550,467.23,55.86
252616.64,1207,685,0.38,3906.19,1707,0.39,10.46,0.2,42,550,432.02,55.86
955766.61,1243,524,0.4,1134.9,1682,0.24,9.47,1.1,42,550,458.73,55.86
420801.45,1066,479,0.12,5177.37,1458,0.2,9.06,0.3,42,550,440.14,55.86
790088.96,1479,347,0.18,4419.96,1722,0.11,9.11,0.7,42,550,467.53,55.86
439428.78,1932,428,0.05,1522.21,1913,0.4,8.66,0.5,42,550,461.79,55.86
961149.35,1965,388,0.2,1610.76,1276,0.18,9.75,0.9,42,550,464.02,55.86
781587.87,1693,518,0.0,1772.88,1666,0.28,10.43,1.1,42,550,467.82,55.86
1196439.78,1795,458,0.47,1803.13,1553,0.16,7.83,0.8,42,550,420.86,55.86
1156316.91,1047,738,0.28,2029.29,1320,0.12,7.56,0.6,42,550,480.31,55.86
528138.6,1998,728,0.39,6632.11,1269,0.21,10.16,0.4,42,550,426.61,55.86
1276010.5,1854,766,0.25,6175.06,1126,0.12,8.61,0.8,42,550,512.04,55.86
675492.98,1756,610,0.21,4448.55,1638,0.38,8.86,1.0,42,550,458.41,55.86
511187.21,1275,223,0.06,6138.56,1244,0.34,7.9,0.7,42,550,449.26,55.86
941435.02,1814,393,0.3,1587.5,1931,0.23,8.45,0.9,42,550,431.5,55.86
886747.93,1353,379,0.16,2396.23,1975,0.14,7.2,0.8,42,550,459.7,55.86
1043046.13,1234,619,0.34,3673.1,1118,0.13,7.71,0.6,42,550,497.94,55.86
331081.19,1821,697,0.41,4317.64,1131,0.25,8.26,0.2,42,550,419.61,55.86
693337.69,1904,604,0.33,3745.81,1996,0.36,9.69,1.0,42,550,462.52,55.86
1305708.7,1643,791,0.12,1086.18,1776,0.14,7.25,0.7,42,550,466.02,55.86
394686.07,1178,281,0.32,2770.54,1423,0.38,8.39,0.5,42,550,462.53,55.86
654347.03,1914,779,0.13,2342.14,1048,0.39,9.35,1.0,42,550,455.64,55.86
601879.09,1217,340,0.1,2825.5,1084,0.21,10.9,0.7,42,550,448.98,55.86
626582.45,1706,233,0.24,4687.96,1020,0.24,7.41,0.6,42,550,466.61,55.86
816635.79,1503,632,0.16,3872.31,1408,0.17,8.71,0.6,42,550,422.56,55.86
